-- MySQL Administrator dump 1.4
--
-- ------------------------------------------------------
-- Server version	5.5.5-10.6.16-MariaDB


/*!40101 SET @OLD_CHARACTER_SET_CLIENT=@@CHARACTER_SET_CLIENT */;
/*!40101 SET @OLD_CHARACTER_SET_RESULTS=@@CHARACTER_SET_RESULTS */;
/*!40101 SET @OLD_COLLATION_CONNECTION=@@COLLATION_CONNECTION */;
/*!40101 SET NAMES utf8 */;

/*!40014 SET @OLD_UNIQUE_CHECKS=@@UNIQUE_CHECKS, UNIQUE_CHECKS=0 */;
/*!40014 SET @OLD_FOREIGN_KEY_CHECKS=@@FOREIGN_KEY_CHECKS, FOREIGN_KEY_CHECKS=0 */;
/*!40101 SET @OLD_SQL_MODE=@@SQL_MODE, SQL_MODE='NO_AUTO_VALUE_ON_ZERO' */;


--
-- Create schema concessionaria
--

CREATE DATABASE IF NOT EXISTS concessionaria;
USE concessionaria;

--
-- Definition of table `adm`
--

DROP TABLE IF EXISTS `adm`;
CREATE TABLE `adm` (
  `idadm` int(10) unsigned NOT NULL AUTO_INCREMENT,
  `nomeAdm` varchar(75) NOT NULL DEFAULT '',
  `cpf` varchar(15) NOT NULL DEFAULT '',
  `senha` varchar(245) NOT NULL DEFAULT '',
  `cadastro` datetime DEFAULT NULL,
  `alteracao` timestamp NOT NULL DEFAULT current_timestamp() ON UPDATE current_timestamp(),
  `ativo` char(1) NOT NULL DEFAULT 'A',
  PRIMARY KEY (`idadm`)
) ENGINE=InnoDB AUTO_INCREMENT=11 DEFAULT CHARSET=utf8mb4 COLLATE=utf8mb4_general_ci;

--
-- Dumping data for table `adm`
--

/*!40000 ALTER TABLE `adm` DISABLE KEYS */;
INSERT INTO `adm` (`idadm`,`nomeAdm`,`cpf`,`senha`,`cadastro`,`alteracao`,`ativo`) VALUES 
 (2,'MARCO','123.456.789-77','$2y$12$0sFdwkPWNc3GJPdJ35WtQORzIrEIprgmXcMSy3j.AIkgFWT/Fwvaq','2024-03-17 10:30:53','2024-04-17 15:01:14','A'),
 (4,'ARTHUR','111.111.111-11','$2y$12$0sFdwkPWNc3GJPdJ35WtQORzIrEIprgmXcMSy3j.AIkgFWT/Fwvaq','2024-03-22 11:25:03','2024-04-17 15:01:15','A'),
 (5,'CLARISSE','222.222.222-22','$2y$12$0sFdwkPWNc3GJPdJ35WtQORzIrEIprgmXcMSy3j.AIkgFWT/Fwvaq','2024-03-22 11:26:53','2024-04-17 15:01:15','A'),
 (6,'REBEKA','333.333.333-33','$2y$12$0sFdwkPWNc3GJPdJ35WtQORzIrEIprgmXcMSy3j.AIkgFWT/Fwvaq','2024-03-22 11:28:15','2024-04-17 15:01:15','A'),
 (7,'ISADORA','444.444.444-44','$2y$12$0sFdwkPWNc3GJPdJ35WtQORzIrEIprgmXcMSy3j.AIkgFWT/Fwvaq','2024-03-22 11:28:41','2024-04-17 15:01:15','A'),
 (8,'FRANCIELE','555.555.555-55','$2y$12$0sFdwkPWNc3GJPdJ35WtQORzIrEIprgmXcMSy3j.AIkgFWT/Fwvaq','2024-03-22 11:29:05','2024-04-17 15:01:15','A');
/*!40000 ALTER TABLE `adm` ENABLE KEYS */;


--
-- Definition of table `carro`
--

DROP TABLE IF EXISTS `carro`;
CREATE TABLE `carro` (
  `idcarro` int(10) unsigned NOT NULL AUTO_INCREMENT,
  `idproprietario` int(10) unsigned NOT NULL DEFAULT 0,
  `nomeCarro` varchar(75) NOT NULL DEFAULT '',
  `diferenciais` varchar(1000) NOT NULL DEFAULT '',
  `fotoPerfil` varchar(75) DEFAULT NULL,
  `preco` varchar(30) NOT NULL DEFAULT '0',
  `cadastro` datetime DEFAULT NULL,
  `alteracao` timestamp NOT NULL DEFAULT current_timestamp() ON UPDATE current_timestamp(),
  `ativo` char(1) NOT NULL DEFAULT 'A',
  PRIMARY KEY (`idcarro`,`idproprietario`),
  KEY `FK_carro_proprietario` (`idproprietario`),
  CONSTRAINT `FK_carro_proprietario` FOREIGN KEY (`idproprietario`) REFERENCES `proprietario` (`idproprietario`) ON DELETE CASCADE ON UPDATE CASCADE
) ENGINE=InnoDB AUTO_INCREMENT=12 DEFAULT CHARSET=utf8mb4 COLLATE=utf8mb4_general_ci;

--
-- Dumping data for table `carro`
--

/*!40000 ALTER TABLE `carro` DISABLE KEYS */;
INSERT INTO `carro` (`idcarro`,`idproprietario`,`nomeCarro`,`diferenciais`,`fotoPerfil`,`preco`,`cadastro`,`alteracao`,`ativo`) VALUES 
 (1,1,'Red senna','O carro de nossa equipe possui um cinto de cinco pontos que é ideal para carros da fórmula sae (society of automotive engineers), e foi um dos mais fiéis à proposta do professor.','65f823376be9d_IMG-20240314-WA0056.jpg','100000.00','2024-03-15 17:08:32','2024-04-16 09:19:33','A'),
 (2,2,'Marquinhos','Nosso carro possui como diferenciais uma haste de arame galvanizado, volante móvel, placa, banco, aerofólio, e faz uma referência ao relâmpago mcqueen.','65f8231a6ae29_IMG-20240314-WA0040.jpg','100000.00','2024-03-15 17:08:32','2024-04-16 09:19:13','A'),
 (3,3,'Scuderia','Nosso carro possui uma gaiola que diminui o peso e aumenta a velocidade dele. ele é o maior, porém é construído com fibra de carbono, o que reduz o peso do veículo.','65f823533e5da_IMG-20240314-WA0023.jpg','100000.00','2024-03-15 17:08:32','2024-04-16 09:19:49','A'),
 (4,4,'Fittipaldi','As rodas do carro são feitas em isopor lixadas a mão, possui um aerofólio removível e um body kit, além de faróis e lanterna traseira.','65f826678eb78_IMG-20240314-WA0013.jpg','100000.00','2024-03-15 17:08:32','2024-04-16 09:18:43','A'),
 (5,5,'Fbm','Criamos um carro que tem os seguintes diferenciais: luz de led, aparência com os carros da fórmula 1, e a originalidade de nossa empresa.','65fd77edbb240_IMG-20240314-WA0019.jpg','100000.00','2024-03-15 17:08:32','2024-04-16 09:18:00','A');
/*!40000 ALTER TABLE `carro` ENABLE KEYS */;


--
-- Definition of table `cliente`
--

DROP TABLE IF EXISTS `cliente`;
CREATE TABLE `cliente` (
  `idcliente` int(10) unsigned NOT NULL AUTO_INCREMENT,
  `nomeCliente` varchar(75) NOT NULL DEFAULT '',
  `contato` varchar(15) DEFAULT NULL,
  `numeroCartao` varchar(30) DEFAULT NULL,
  `valorCartao` varchar(30) DEFAULT NULL,
  `cadastro` datetime DEFAULT NULL,
  `alteracao` timestamp NOT NULL DEFAULT current_timestamp() ON UPDATE current_timestamp(),
  `ativo` char(1) NOT NULL DEFAULT 'A',
  PRIMARY KEY (`idcliente`)
) ENGINE=InnoDB AUTO_INCREMENT=29 DEFAULT CHARSET=utf8mb4 COLLATE=utf8mb4_general_ci;

--
-- Dumping data for table `cliente`
--

/*!40000 ALTER TABLE `cliente` DISABLE KEYS */;
INSERT INTO `cliente` (`idcliente`,`nomeCliente`,`contato`,`numeroCartao`,`valorCartao`,`cadastro`,`alteracao`,`ativo`) VALUES 
 (16,'PROCESSOS ADMINISTRATIVOS','','000013','0','2024-04-17 13:36:19','2024-04-17 14:46:14','A'),
 (17,'APRENDIZAGEM DE ELETROMECÂNICA','','000012','0','2024-04-17 13:37:02','2024-04-17 14:43:30','A'),
 (18,'LUCIANO PETTERSEN','','000001','0','2024-04-17 13:37:33','2024-04-17 16:25:53','A'),
 (19,'SEGURANÇA DO TRABALHO','','000002','0','2024-04-17 13:38:35','2024-04-17 15:21:35','A'),
 (20,'SUPERVISÃO SENAI - GV','','000003','0','2024-04-17 13:39:07','2024-04-17 14:21:23','A'),
 (21,'APREND. IND. EM GESTÃO INDUSTRIAL','','000004','0','2024-04-17 13:39:57','2024-04-17 16:18:11','A'),
 (22,'TÉCNICO EM LOGÍSTICA','','000005','0','2024-04-17 13:40:26','2024-04-17 16:21:24','A'),
 (23,'LUIZ CARLOS NETO','','000006','500000','2024-04-17 13:41:13','2024-04-17 13:41:13','A'),
 (24,'DESENVOLVIMENTO DE SISTEMAS - 07','','000007','0','2024-04-17 13:42:08','2024-04-17 17:09:19','A'),
 (25,'DESENVOLVIMENTO DE SISTEMAS - 08','','000008','0','2024-04-17 13:42:37','2024-04-17 14:59:29','A'),
 (26,'JANAINE CASSEMIRO','','000009','0','2024-04-17 13:43:17','2024-04-17 16:35:43','A'),
 (27,'SÉRGIO PAIXÃO','','000010','0','2024-04-17 13:43:40','2024-04-17 16:50:02','A'),
 (28,'APREND. IND. DE ENERGIA ELÉTRICA','','000011','0','2024-04-17 13:45:28','2024-04-17 16:42:05','A');
/*!40000 ALTER TABLE `cliente` ENABLE KEYS */;


--
-- Definition of table `compras`
--

DROP TABLE IF EXISTS `compras`;
CREATE TABLE `compras` (
  `idcompras` int(10) unsigned NOT NULL AUTO_INCREMENT,
  `idcarro` int(10) unsigned NOT NULL DEFAULT 0,
  `idcliente` varchar(10) DEFAULT NULL,
  `valorUnidade` decimal(10,0) NOT NULL DEFAULT 0,
  `qtdComprada` varchar(5) NOT NULL DEFAULT '',
  `valorPago` varchar(10) NOT NULL DEFAULT '0',
  `cadastro` datetime DEFAULT NULL,
  `alteracao` timestamp NOT NULL DEFAULT current_timestamp() ON UPDATE current_timestamp(),
  `ativo` char(1) NOT NULL DEFAULT 'A',
  PRIMARY KEY (`idcompras`,`idcarro`) USING BTREE,
  KEY `FK_compras_carro` (`idcarro`) USING BTREE,
  CONSTRAINT `FK_compras_carro` FOREIGN KEY (`idcarro`) REFERENCES `carro` (`idcarro`) ON DELETE CASCADE ON UPDATE CASCADE
) ENGINE=InnoDB AUTO_INCREMENT=535 DEFAULT CHARSET=utf8mb4 COLLATE=utf8mb4_general_ci;

--
-- Dumping data for table `compras`
--

/*!40000 ALTER TABLE `compras` DISABLE KEYS */;
INSERT INTO `compras` (`idcompras`,`idcarro`,`idcliente`,`valorUnidade`,`qtdComprada`,`valorPago`,`cadastro`,`alteracao`,`ativo`) VALUES 
 (113,1,'18','100000','3','300000','2024-04-17 14:11:55','2024-04-17 14:11:55','A'),
 (114,3,'20','100000','2','200000','2024-04-17 14:20:43','2024-04-17 14:20:43','A'),
 (115,2,'null','100000','1','100000','2024-04-17 14:20:46','2024-04-17 14:20:46','A'),
 (116,5,'null','100000','1','100000','2024-04-17 14:20:50','2024-04-17 14:20:50','A'),
 (117,5,'20','100000','1','100000','2024-04-17 14:21:02','2024-04-17 14:21:02','A'),
 (118,3,'20','100000','2','200000','2024-04-17 14:21:23','2024-04-17 14:21:23','A'),
 (119,5,'null','100000','1','100000','2024-04-17 14:21:52','2024-04-17 14:21:52','A'),
 (120,2,'null','100000','3','300000','2024-04-17 14:22:06','2024-04-17 14:22:06','A'),
 (121,4,'null','100000','1','100000','2024-04-17 14:22:51','2024-04-17 14:22:51','A'),
 (122,1,'null','100000','1','100000','2024-04-17 14:23:00','2024-04-17 14:23:00','A'),
 (123,4,'null','100000','2','200000','2024-04-17 14:23:09','2024-04-17 14:23:09','A'),
 (124,3,'null','100000','3','300000','2024-04-17 14:23:09','2024-04-17 14:23:09','A'),
 (125,1,'null','100000','1','100000','2024-04-17 14:23:19','2024-04-17 14:23:19','A'),
 (126,2,'null','100000','1','100000','2024-04-17 14:23:21','2024-04-17 14:23:21','A'),
 (127,2,'null','100000','1','100000','2024-04-17 14:23:30','2024-04-17 14:23:30','A'),
 (128,4,'null','100000','1','100000','2024-04-17 14:23:39','2024-04-17 14:23:39','A'),
 (129,2,'null','100000','1','100000','2024-04-17 14:23:42','2024-04-17 14:23:42','A'),
 (130,4,'null','100000','1','100000','2024-04-17 14:23:45','2024-04-17 14:23:45','A'),
 (131,2,'null','100000','1','100000','2024-04-17 14:23:55','2024-04-17 14:23:55','A'),
 (132,2,'null','100000','1','100000','2024-04-17 14:23:59','2024-04-17 14:23:59','A'),
 (133,1,'null','100000','1','100000','2024-04-17 14:24:03','2024-04-17 14:24:03','A'),
 (134,1,'null','100000','1','100000','2024-04-17 14:24:07','2024-04-17 14:24:07','A'),
 (135,5,'null','100000','1','100000','2024-04-17 14:24:09','2024-04-17 14:24:09','A'),
 (136,4,'null','100000','1','100000','2024-04-17 14:24:13','2024-04-17 14:24:13','A'),
 (137,2,'null','100000','1','100000','2024-04-17 14:24:13','2024-04-17 14:24:13','A'),
 (138,2,'null','100000','1','100000','2024-04-17 14:24:19','2024-04-17 14:24:19','A'),
 (139,3,'null','100000','1','100000','2024-04-17 14:24:33','2024-04-17 14:24:33','A'),
 (140,1,'null','100000','1','100000','2024-04-17 14:24:36','2024-04-17 14:24:36','A'),
 (141,2,'null','100000','1','100000','2024-04-17 14:24:47','2024-04-17 14:24:47','A'),
 (142,4,'null','100000','1','100000','2024-04-17 14:24:55','2024-04-17 14:24:55','A'),
 (143,2,'null','100000','1','100000','2024-04-17 14:25:05','2024-04-17 14:25:05','A'),
 (144,1,'null','100000','1','100000','2024-04-17 14:25:09','2024-04-17 14:25:10','A'),
 (145,1,'null','100000','1','100000','2024-04-17 14:25:17','2024-04-17 14:25:17','A'),
 (146,2,'null','100000','1','100000','2024-04-17 14:25:19','2024-04-17 14:25:19','A'),
 (147,5,'null','100000','1','100000','2024-04-17 14:25:21','2024-04-17 14:25:21','A'),
 (148,5,'null','100000','1','100000','2024-04-17 14:25:28','2024-04-17 14:25:28','A'),
 (149,5,'null','100000','1','100000','2024-04-17 14:25:31','2024-04-17 14:25:31','A'),
 (150,5,'null','100000','1','100000','2024-04-17 14:25:56','2024-04-17 14:25:56','A'),
 (151,5,'25','100000','2','200000','2024-04-17 14:26:14','2024-04-17 15:48:17','A'),
 (153,1,'null','100000','1','100000','2024-04-17 14:28:07','2024-04-17 14:28:07','A'),
 (154,3,'null','100000','3','300000','2024-04-17 14:28:30','2024-04-17 14:28:30','A'),
 (155,3,'null','100000','3','300000','2024-04-17 14:28:38','2024-04-17 14:28:38','A'),
 (156,2,'null','100000','1','100000','2024-04-17 14:28:40','2024-04-17 14:28:40','A'),
 (157,3,'null','100000','1','100000','2024-04-17 14:28:46','2024-04-17 14:28:46','A'),
 (158,4,'null','100000','1','100000','2024-04-17 14:28:54','2024-04-17 14:28:54','A'),
 (159,4,'null','100000','2','200000','2024-04-17 14:28:56','2024-04-17 14:28:56','A'),
 (160,4,'null','100000','3','300000','2024-04-17 14:29:07','2024-04-17 14:29:07','A'),
 (161,3,'null','100000','3','300000','2024-04-17 14:29:08','2024-04-17 15:12:52','A'),
 (162,3,'null','100000','1','100000','2024-04-17 14:29:10','2024-04-17 14:29:10','A'),
 (164,1,'null','100000','2','200000','2024-04-17 14:29:36','2024-04-17 14:29:36','A'),
 (165,2,'25','100000','1','100000','2024-04-17 14:29:47','2024-04-17 14:29:47','A'),
 (166,1,'null','100000','1','100000','2024-04-17 14:29:59','2024-04-17 14:29:59','A'),
 (167,1,'null','100000','1','100000','2024-04-17 14:30:15','2024-04-17 14:30:15','A'),
 (168,1,'null','100000','1','100000','2024-04-17 14:30:25','2024-04-17 14:30:25','A'),
 (169,1,'null','100000','2','200000','2024-04-17 14:30:28','2024-04-17 14:30:28','A'),
 (170,1,'24','100000','5','500000','2024-04-17 14:31:16','2024-04-17 14:31:16','A'),
 (171,3,'null','100000','2','200000','2024-04-17 14:31:32','2024-04-17 14:31:32','A'),
 (172,3,'null','100000','2','200000','2024-04-17 14:31:41','2024-04-17 14:31:41','A'),
 (173,1,'18','100000','1','100000','2024-04-17 14:32:01','2024-04-17 14:32:01','A'),
 (174,3,'null','100000','1','100000','2024-04-17 14:32:05','2024-04-17 14:32:05','A'),
 (175,3,'null','100000','1','100000','2024-04-17 14:32:07','2024-04-17 14:32:07','A'),
 (176,3,'null','100000','1','100000','2024-04-17 14:32:16','2024-04-17 14:32:16','A'),
 (177,3,'null','100000','1','100000','2024-04-17 14:32:26','2024-04-17 14:32:26','A'),
 (178,3,'null','100000','1','100000','2024-04-17 14:32:42','2024-04-17 14:32:42','A'),
 (179,3,'null','100000','1','100000','2024-04-17 14:33:00','2024-04-17 14:33:00','A'),
 (180,3,'null','100000','1','100000','2024-04-17 14:33:22','2024-04-17 14:33:22','A'),
 (181,1,'null','100000','3','300000','2024-04-17 14:33:23','2024-04-17 14:33:23','A'),
 (182,2,'null','100000','1','100000','2024-04-17 14:33:31','2024-04-17 14:33:31','A'),
 (183,3,'null','100000','1','100000','2024-04-17 14:33:35','2024-04-17 14:33:35','A'),
 (184,3,'25','100000','1','100000','2024-04-17 14:33:37','2024-04-17 14:33:37','A'),
 (185,2,'null','100000','1','100000','2024-04-17 14:33:43','2024-04-17 14:33:43','A'),
 (186,1,'null','100000','1','100000','2024-04-17 14:33:53','2024-04-17 14:33:53','A'),
 (187,4,'null','100000','1','100000','2024-04-17 14:34:00','2024-04-17 14:34:00','A'),
 (188,2,'null','100000','1','100000','2024-04-17 14:34:03','2024-04-17 14:34:03','A'),
 (189,5,'null','100000','1','100000','2024-04-17 14:34:19','2024-04-17 14:34:19','A'),
 (190,5,'null','100000','1','100000','2024-04-17 14:34:34','2024-04-17 14:34:34','A'),
 (191,1,'null','100000','1','100000','2024-04-17 14:34:52','2024-04-17 14:34:52','A'),
 (192,1,'null','100000','3','300000','2024-04-17 14:34:53','2024-04-17 14:34:53','A'),
 (193,3,'null','100000','2','200000','2024-04-17 14:34:55','2024-04-17 14:34:55','A'),
 (194,3,'25','100000','1','100000','2024-04-17 14:35:11','2024-04-17 14:35:11','A'),
 (195,1,'null','100000','1','100000','2024-04-17 14:35:12','2024-04-17 14:35:12','A'),
 (196,4,'null','100000','1','100000','2024-04-17 14:35:19','2024-04-17 14:35:19','A'),
 (197,2,'null','100000','3','300000','2024-04-17 14:35:32','2024-04-17 14:35:32','A'),
 (198,4,'null','100000','1','100000','2024-04-17 14:35:35','2024-04-17 14:35:35','A'),
 (199,1,'null','100000','1','100000','2024-04-17 14:35:48','2024-04-17 14:35:48','A'),
 (200,2,'null','100000','2','200000','2024-04-17 14:35:57','2024-04-17 14:35:57','A'),
 (201,3,'null','100000','1','100000','2024-04-17 14:35:59','2024-04-17 14:35:59','A'),
 (202,1,'null','100000','1','100000','2024-04-17 14:35:59','2024-04-17 14:35:59','A'),
 (203,2,'null','100000','1','100000','2024-04-17 14:36:09','2024-04-17 14:36:09','A'),
 (204,2,'null','100000','2','200000','2024-04-17 14:36:11','2024-04-17 14:36:11','A'),
 (205,1,'null','100000','2','200000','2024-04-17 14:36:23','2024-04-17 14:36:23','A'),
 (206,1,'null','100000','4','400000','2024-04-17 14:36:29','2024-04-17 14:36:29','A'),
 (207,5,'null','100000','2','200000','2024-04-17 14:36:34','2024-04-17 14:36:34','A'),
 (208,5,'null','100000','1','100000','2024-04-17 14:36:41','2024-04-17 14:36:41','A'),
 (209,1,'null','100000','3','300000','2024-04-17 14:36:49','2024-04-17 14:36:49','A'),
 (210,5,'null','100000','2','200000','2024-04-17 14:37:00','2024-04-17 14:37:00','A'),
 (211,1,'null','100000','2','200000','2024-04-17 14:37:10','2024-04-17 14:37:10','A'),
 (212,1,'null','100000','1','100000','2024-04-17 14:37:14','2024-04-17 14:37:14','A'),
 (213,4,'null','100000','2','200000','2024-04-17 14:37:20','2024-04-17 14:37:20','A'),
 (214,3,'null','100000','2','200000','2024-04-17 14:37:23','2024-04-17 14:37:23','A'),
 (215,3,'null','100000','3','300000','2024-04-17 14:37:26','2024-04-17 14:37:26','A'),
 (216,4,'null','100000','1','100000','2024-04-17 14:37:28','2024-04-17 14:37:28','A'),
 (217,4,'null','100000','2','200000','2024-04-17 14:37:38','2024-04-17 14:37:38','A'),
 (218,5,'null','100000','1','100000','2024-04-17 14:37:39','2024-04-17 14:37:39','A'),
 (219,3,'null','100000','3','300000','2024-04-17 14:37:50','2024-04-17 14:37:50','A'),
 (220,1,'null','100000','1','100000','2024-04-17 14:37:56','2024-04-17 14:37:56','A'),
 (221,1,'null','100000','1','100000','2024-04-17 14:38:00','2024-04-17 14:38:00','A'),
 (222,4,'null','100000','2','200000','2024-04-17 14:38:17','2024-04-17 14:38:17','A'),
 (223,3,'null','100000','2','200000','2024-04-17 14:38:24','2024-04-17 14:38:24','A'),
 (224,4,'null','100000','3','300000','2024-04-17 14:38:48','2024-04-17 14:38:48','A'),
 (225,5,'null','100000','4','400000','2024-04-17 14:38:49','2024-04-17 14:38:49','A'),
 (226,5,'null','100000','1','100000','2024-04-17 14:38:59','2024-04-17 14:38:59','A'),
 (227,4,'null','100000','1','100000','2024-04-17 14:39:10','2024-04-17 14:39:10','A'),
 (228,2,'null','100000','1','100000','2024-04-17 14:39:21','2024-04-17 14:39:21','A'),
 (229,1,'null','100000','2','200000','2024-04-17 14:39:36','2024-04-17 14:39:36','A'),
 (231,2,'null','100000','2','200000','2024-04-17 14:39:40','2024-04-17 14:39:40','A'),
 (232,4,'null','100000','1','100000','2024-04-17 14:39:46','2024-04-17 14:39:46','A'),
 (233,4,'null','100000','2','200000','2024-04-17 14:40:03','2024-04-17 14:40:03','A'),
 (234,3,'null','100000','1','100000','2024-04-17 14:40:16','2024-04-17 14:40:16','A'),
 (235,1,'null','100000','2','200000','2024-04-17 14:40:40','2024-04-17 14:40:40','A'),
 (237,3,'null','100000','2','200000','2024-04-17 14:41:17','2024-04-17 14:41:17','A'),
 (238,2,'null','100000','1','100000','2024-04-17 14:41:38','2024-04-17 14:41:38','A'),
 (239,3,'null','100000','2','200000','2024-04-17 14:41:44','2024-04-17 14:41:44','A'),
 (241,1,'null','100000','2','200000','2024-04-17 14:42:31','2024-04-17 14:42:31','A'),
 (242,4,'null','100000','1','100000','2024-04-17 14:42:48','2024-04-17 14:42:48','A'),
 (243,1,'null','100000','3','300000','2024-04-17 14:43:07','2024-04-17 14:43:07','A'),
 (244,1,'17','100000','1','100000','2024-04-17 14:43:13','2024-04-17 14:43:13','A'),
 (245,2,'17','100000','4','400000','2024-04-17 14:43:30','2024-04-17 14:43:30','A'),
 (248,1,'null','100000','1','100000','2024-04-17 14:44:43','2024-04-17 14:44:43','A'),
 (249,5,'null','100000','1','100000','2024-04-17 14:44:57','2024-04-17 14:44:57','A'),
 (251,1,'16','100000','1','100000','2024-04-17 14:45:23','2024-04-17 14:45:23','A'),
 (252,2,'16','100000','1','100000','2024-04-17 14:45:36','2024-04-17 14:45:36','A'),
 (253,3,'16','100000','1','100000','2024-04-17 14:45:50','2024-04-17 14:45:50','A'),
 (254,4,'16','100000','1','100000','2024-04-17 14:46:01','2024-04-17 14:46:01','A'),
 (255,5,'16','100000','1','100000','2024-04-17 14:46:14','2024-04-17 14:46:14','A'),
 (256,2,'null','100000','1','100000','2024-04-17 14:47:42','2024-04-17 14:47:42','A'),
 (258,2,'null','100000','1','100000','2024-04-17 14:48:53','2024-04-17 14:48:53','A'),
 (259,3,'null','100000','3','300000','2024-04-17 14:49:27','2024-04-17 14:49:27','A'),
 (260,1,'null','100000','1','100000','2024-04-17 15:00:58','2024-04-17 15:00:59','A'),
 (261,3,'null','100000','3','300000','2024-04-17 15:07:49','2024-04-17 15:12:53','A'),
 (262,3,'null','100000','3','300000','2024-04-17 15:08:30','2024-04-17 15:12:53','A'),
 (263,3,'null','100000','3','300000','2024-04-17 15:09:02','2024-04-17 15:12:53','A'),
 (264,3,'null','100000','3','300000','2024-04-17 15:09:16','2024-04-17 15:12:53','A'),
 (265,1,'null','100000','1','100000','2024-04-17 15:18:05','2024-04-17 15:18:05','A'),
 (266,1,'null','100000','1','100000','2024-04-17 15:18:15','2024-04-17 15:18:15','A'),
 (267,5,'null','100000','1','100000','2024-04-17 15:18:29','2024-04-17 15:18:29','A'),
 (268,3,'null','100000','1','100000','2024-04-17 15:18:44','2024-04-17 15:18:44','A'),
 (269,5,'null','100000','2','200000','2024-04-17 15:18:51','2024-04-17 15:18:51','A'),
 (270,1,'null','100000','4','400000','2024-04-17 15:18:53','2024-04-17 15:18:53','A'),
 (271,4,'null','100000','3','300000','2024-04-17 15:19:09','2024-04-17 15:19:09','A'),
 (272,3,'null','100000','3','300000','2024-04-17 15:19:14','2024-04-17 15:19:14','A'),
 (273,2,'null','100000','1','100000','2024-04-17 15:19:16','2024-04-17 15:19:16','A'),
 (274,1,'null','100000','2','200000','2024-04-17 15:19:23','2024-04-17 15:19:23','A'),
 (275,1,'null','100000','2','200000','2024-04-17 15:19:25','2024-04-17 15:19:25','A'),
 (276,1,'null','100000','1','100000','2024-04-17 15:19:30','2024-04-17 15:19:30','A'),
 (277,5,'null','100000','2','200000','2024-04-17 15:19:33','2024-04-17 15:19:33','A'),
 (278,2,'null','100000','1','100000','2024-04-17 15:19:38','2024-04-17 15:19:38','A'),
 (279,4,'null','100000','2','200000','2024-04-17 15:19:38','2024-04-17 15:19:38','A'),
 (280,5,'null','100000','3','300000','2024-04-17 15:19:43','2024-04-17 15:19:43','A'),
 (281,1,'null','100000','1','100000','2024-04-17 15:19:46','2024-04-17 15:19:46','A'),
 (282,5,'null','100000','2','200000','2024-04-17 15:19:51','2024-04-17 15:19:51','A'),
 (283,1,'null','100000','4','400000','2024-04-17 15:19:54','2024-04-17 15:19:54','A'),
 (284,2,'null','100000','1','100000','2024-04-17 15:19:57','2024-04-17 15:19:57','A'),
 (285,1,'null','100000','3','300000','2024-04-17 15:19:59','2024-04-17 15:19:59','A'),
 (286,1,'null','100000','2','200000','2024-04-17 15:20:01','2024-04-17 15:20:01','A'),
 (287,2,'null','100000','1','100000','2024-04-17 15:20:06','2024-04-17 15:20:06','A'),
 (288,5,'null','100000','2','200000','2024-04-17 15:20:13','2024-04-17 15:20:13','A'),
 (289,4,'null','100000','1','100000','2024-04-17 15:20:14','2024-04-17 15:20:14','A'),
 (290,1,'null','100000','1','100000','2024-04-17 15:20:16','2024-04-17 15:20:16','A'),
 (291,1,'null','100000','1','100000','2024-04-17 15:20:23','2024-04-17 15:20:23','A'),
 (292,2,'null','100000','1','100000','2024-04-17 15:20:25','2024-04-17 15:20:25','A'),
 (293,5,'null','100000','2','200000','2024-04-17 15:20:30','2024-04-17 15:20:30','A'),
 (294,1,'null','100000','2','200000','2024-04-17 15:20:39','2024-04-17 15:20:39','A'),
 (295,1,'null','100000','2','200000','2024-04-17 15:20:40','2024-04-17 15:20:40','A'),
 (296,5,'null','100000','1','100000','2024-04-17 15:20:40','2024-04-17 15:20:40','A'),
 (297,1,'19','100000','1','100000','2024-04-17 15:20:46','2024-04-17 15:20:46','A'),
 (298,2,'null','100000','1','100000','2024-04-17 15:20:49','2024-04-17 15:20:49','A'),
 (299,2,'19','100000','1','100000','2024-04-17 15:20:58','2024-04-17 15:20:58','A'),
 (300,1,'null','100000','3','300000','2024-04-17 15:20:59','2024-04-17 15:20:59','A'),
 (301,4,'null','100000','1','100000','2024-04-17 15:21:00','2024-04-17 15:21:00','A'),
 (302,4,'null','100000','1','100000','2024-04-17 15:21:07','2024-04-17 15:21:07','A'),
 (303,3,'19','100000','1','100000','2024-04-17 15:21:09','2024-04-17 15:21:09','A'),
 (304,4,'null','100000','1','100000','2024-04-17 15:21:19','2024-04-17 15:21:19','A'),
 (305,4,'19','100000','1','100000','2024-04-17 15:21:22','2024-04-17 15:21:22','A'),
 (306,5,'19','100000','1','100000','2024-04-17 15:21:35','2024-04-17 15:21:35','A'),
 (307,3,'null','100000','1','100000','2024-04-17 15:21:46','2024-04-17 15:21:46','A'),
 (308,2,'null','100000','1','100000','2024-04-17 15:21:49','2024-04-17 15:21:49','A'),
 (309,4,'null','100000','2','200000','2024-04-17 15:21:52','2024-04-17 15:21:52','A'),
 (310,5,'null','100000','2','200000','2024-04-17 15:21:57','2024-04-17 15:21:57','A'),
 (311,1,'null','100000','1','100000','2024-04-17 15:22:00','2024-04-17 15:22:00','A'),
 (312,4,'null','100000','1','100000','2024-04-17 15:22:07','2024-04-17 15:22:07','A'),
 (313,5,'null','100000','1','100000','2024-04-17 15:22:08','2024-04-17 15:22:08','A'),
 (314,5,'null','100000','1','100000','2024-04-17 15:22:13','2024-04-17 15:22:13','A'),
 (315,1,'null','100000','2','200000','2024-04-17 15:22:31','2024-04-17 15:22:31','A'),
 (316,4,'null','100000','21','2100000','2024-04-17 15:22:41','2024-04-17 15:22:41','A'),
 (317,3,'null','100000','2','200000','2024-04-17 15:22:42','2024-04-17 15:22:42','A'),
 (318,4,'null','100000','2','200000','2024-04-17 15:27:16','2024-04-17 15:27:16','A'),
 (319,1,'null','100000','2','200000','2024-04-17 15:27:28','2024-04-17 15:27:28','A'),
 (320,5,'null','100000','1','100000','2024-04-17 15:27:34','2024-04-17 15:27:34','A'),
 (321,1,'null','100000','1','100000','2024-04-17 15:27:42','2024-04-17 15:27:42','A'),
 (322,4,'null','100000','1','100000','2024-04-17 15:27:55','2024-04-17 15:27:55','A'),
 (323,1,'null','100000','2','200000','2024-04-17 15:28:05','2024-04-17 15:28:05','A'),
 (324,1,'null','100000','3','300000','2024-04-17 15:28:26','2024-04-17 15:28:26','A'),
 (325,1,'null','100000','3','300000','2024-04-17 15:28:36','2024-04-17 15:28:36','A'),
 (326,1,'null','100000','3','300000','2024-04-17 15:28:45','2024-04-17 15:28:45','A'),
 (327,5,'null','100000','2','200000','2024-04-17 15:29:04','2024-04-17 15:29:04','A'),
 (328,3,'null','100000','2','200000','2024-04-17 15:29:11','2024-04-17 15:29:11','A'),
 (329,4,'null','100000','3','300000','2024-04-17 15:29:20','2024-04-17 15:29:20','A'),
 (330,3,'null','100000','4','400000','2024-04-17 16:05:04','2024-04-17 16:05:04','A'),
 (331,2,'null','100000','3','300000','2024-04-17 16:05:13','2024-04-17 16:05:13','A'),
 (332,3,'null','100000','3','300000','2024-04-17 16:05:19','2024-04-17 16:05:19','A'),
 (333,1,'null','100000','1','100000','2024-04-17 16:06:23','2024-04-17 16:06:23','A'),
 (334,5,'null','100000','1','100000','2024-04-17 16:06:35','2024-04-17 16:06:35','A'),
 (335,2,'null','100000','1','100000','2024-04-17 16:06:45','2024-04-17 16:06:45','A'),
 (336,4,'null','100000','1','100000','2024-04-17 16:07:38','2024-04-17 16:07:38','A'),
 (337,2,'null','100000','4','400000','2024-04-17 16:07:39','2024-04-17 16:07:39','A'),
 (338,1,'null','100000','1','100000','2024-04-17 16:07:48','2024-04-17 16:07:48','A'),
 (339,2,'null','100000','4','400000','2024-04-17 16:07:54','2024-04-17 16:07:54','A'),
 (340,2,'null','100000','5','500000','2024-04-17 16:08:06','2024-04-17 16:08:06','A'),
 (341,2,'null','100000','4','400000','2024-04-17 16:08:23','2024-04-17 16:08:23','A'),
 (342,2,'null','100000','4','400000','2024-04-17 16:08:27','2024-04-17 16:08:27','A'),
 (343,2,'null','100000','3','300000','2024-04-17 16:08:33','2024-04-17 16:08:33','A'),
 (344,2,'null','100000','1','100000','2024-04-17 16:08:33','2024-04-17 16:08:33','A'),
 (345,5,'null','100000','1','100000','2024-04-17 16:08:42','2024-04-17 16:08:42','A'),
 (346,2,'null','100000','4','400000','2024-04-17 16:08:51','2024-04-17 16:08:51','A'),
 (347,3,'null','100000','1','100000','2024-04-17 16:08:53','2024-04-17 16:08:53','A'),
 (348,2,'null','100000','3','300000','2024-04-17 16:09:01','2024-04-17 16:09:01','A'),
 (349,3,'null','100000','1','100000','2024-04-17 16:09:20','2024-04-17 16:09:20','A'),
 (350,4,'null','100000','4','400000','2024-04-17 16:09:25','2024-04-17 16:09:25','A'),
 (351,2,'null','100000','1','100000','2024-04-17 16:09:25','2024-04-17 16:09:25','A'),
 (352,1,'null','100000','1','100000','2024-04-17 16:09:32','2024-04-17 16:09:32','A'),
 (353,4,'null','100000','3','300000','2024-04-17 16:09:41','2024-04-17 16:09:41','A'),
 (354,4,'null','100000','2','200000','2024-04-17 16:09:56','2024-04-17 16:09:56','A'),
 (355,1,'null','100000','3','300000','2024-04-17 16:10:00','2024-04-17 16:10:00','A'),
 (356,4,'null','100000','4','400000','2024-04-17 16:10:22','2024-04-17 16:10:22','A'),
 (357,1,'null','100000','2','200000','2024-04-17 16:10:30','2024-04-17 16:10:30','A'),
 (358,2,'null','100000','3','300000','2024-04-17 16:10:53','2024-04-17 16:10:53','A'),
 (359,5,'null','100000','2','200000','2024-04-17 16:11:01','2024-04-17 16:11:01','A'),
 (360,2,'null','100000','2','200000','2024-04-17 16:11:07','2024-04-17 16:11:07','A'),
 (361,5,'null','100000','1','100000','2024-04-17 16:11:11','2024-04-17 16:11:11','A'),
 (362,4,'null','100000','2','200000','2024-04-17 16:11:21','2024-04-17 16:11:21','A'),
 (363,1,'null','100000','2','200000','2024-04-17 16:11:36','2024-04-17 16:11:36','A'),
 (364,2,'null','100000','2','200000','2024-04-17 16:11:42','2024-04-17 16:11:42','A'),
 (365,2,'null','100000','3','300000','2024-04-17 16:12:05','2024-04-17 16:12:05','A'),
 (366,2,'null','100000','1','100000','2024-04-17 16:12:34','2024-04-17 16:12:34','A'),
 (367,1,'null','100000','1','100000','2024-04-17 16:12:46','2024-04-17 16:12:46','A'),
 (368,2,'null','100000','3','300000','2024-04-17 16:12:53','2024-04-17 16:12:53','A'),
 (369,5,'null','100000','1','100000','2024-04-17 16:13:00','2024-04-17 16:13:00','A'),
 (370,2,'null','100000','3','300000','2024-04-17 16:13:05','2024-04-17 16:13:05','A'),
 (371,2,'null','100000','3','300000','2024-04-17 16:13:16','2024-04-17 16:13:16','A'),
 (372,2,'null','100000','4','400000','2024-04-17 16:13:43','2024-04-17 16:13:43','A'),
 (373,5,'null','100000','4','400000','2024-04-17 16:13:52','2024-04-17 16:13:52','A'),
 (374,3,'null','100000','3','300000','2024-04-17 16:13:59','2024-04-17 16:13:59','A'),
 (375,2,'null','100000','5','500000','2024-04-17 16:14:02','2024-04-17 16:14:02','A'),
 (376,3,'null','100000','2','200000','2024-04-17 16:14:06','2024-04-17 16:14:06','A'),
 (377,5,'null','100000','3','300000','2024-04-17 16:14:07','2024-04-17 16:14:07','A'),
 (378,3,'null','100000','1','100000','2024-04-17 16:14:08','2024-04-17 16:14:08','A'),
 (379,2,'null','100000','1','100000','2024-04-17 16:14:13','2024-04-17 16:14:13','A'),
 (380,3,'null','100000','5','500000','2024-04-17 16:14:20','2024-04-17 16:14:20','A'),
 (381,2,'null','100000','1','100000','2024-04-17 16:14:24','2024-04-17 16:14:24','A'),
 (382,3,'null','100000','1','100000','2024-04-17 16:14:30','2024-04-17 16:14:30','A'),
 (383,5,'null','100000','2','200000','2024-04-17 16:14:32','2024-04-17 16:14:32','A'),
 (384,4,'null','100000','1','100000','2024-04-17 16:14:39','2024-04-17 16:14:39','A'),
 (385,2,'null','100000','2','200000','2024-04-17 16:14:57','2024-04-17 16:14:57','A'),
 (386,5,'null','100000','5','500000','2024-04-17 16:14:57','2024-04-17 16:14:57','A'),
 (387,5,'null','100000','2','200000','2024-04-17 16:15:04','2024-04-17 16:15:04','A'),
 (388,2,'null','100000','2','200000','2024-04-17 16:15:12','2024-04-17 16:15:12','A'),
 (389,3,'null','100000','1','100000','2024-04-17 16:15:16','2024-04-17 16:15:16','A'),
 (390,2,'null','100000','1','100000','2024-04-17 16:15:32','2024-04-17 16:15:32','A'),
 (391,2,'null','100000','3','300000','2024-04-17 16:15:33','2024-04-17 16:15:33','A'),
 (392,3,'null','100000','5','500000','2024-04-17 16:15:34','2024-04-17 16:15:34','A'),
 (393,4,'null','100000','2','200000','2024-04-17 16:15:43','2024-04-17 16:15:43','A'),
 (394,3,'null','100000','2','200000','2024-04-17 16:15:44','2024-04-17 16:15:44','A'),
 (395,1,'null','100000','4','400000','2024-04-17 16:15:55','2024-04-17 16:15:55','A'),
 (396,3,'null','100000','2','200000','2024-04-17 16:16:16','2024-04-17 16:16:16','A'),
 (397,2,'null','100000','2','200000','2024-04-17 16:16:24','2024-04-17 16:16:24','A'),
 (398,3,'null','100000','5','500000','2024-04-17 16:16:32','2024-04-17 16:16:32','A'),
 (399,5,'null','100000','4','400000','2024-04-17 16:16:44','2024-04-17 16:16:44','A'),
 (400,1,'null','100000','1','100000','2024-04-17 16:16:46','2024-04-17 16:16:46','A'),
 (401,3,'null','100000','2','200000','2024-04-17 16:17:02','2024-04-17 16:17:02','A'),
 (402,5,'null','100000','1','100000','2024-04-17 16:17:21','2024-04-17 16:17:21','A'),
 (403,3,'null','100000','5','500000','2024-04-17 16:17:26','2024-04-17 16:17:26','A'),
 (404,1,'null','100000','1','100000','2024-04-17 16:17:29','2024-04-17 16:17:29','A'),
 (405,1,'null','100000','1','100000','2024-04-17 16:17:31','2024-04-17 16:17:31','A'),
 (406,4,'null','100000','1','100000','2024-04-17 16:17:42','2024-04-17 16:17:42','A'),
 (407,3,'null','100000','1','100000','2024-04-17 16:17:49','2024-04-17 16:17:49','A'),
 (408,3,'null','100000','5','500000','2024-04-17 16:17:56','2024-04-17 16:17:56','A'),
 (409,3,'null','100000','5','500000','2024-04-17 16:17:57','2024-04-17 16:17:57','A'),
 (410,2,'null','100000','2','200000','2024-04-17 16:18:05','2024-04-17 16:18:05','A'),
 (411,5,'null','100000','3','300000','2024-04-17 16:18:08','2024-04-17 16:18:08','A'),
 (412,1,'21','100000','5','500000','2024-04-17 16:18:11','2024-04-17 16:18:11','A'),
 (413,3,'null','100000','2','200000','2024-04-17 16:18:19','2024-04-17 16:18:19','A'),
 (414,3,'null','100000','1','100000','2024-04-17 16:18:27','2024-04-17 16:18:27','A'),
 (415,1,'null','100000','1','100000','2024-04-17 16:18:41','2024-04-17 16:18:41','A'),
 (416,1,'null','100000','3','300000','2024-04-17 16:18:54','2024-04-17 16:18:54','A'),
 (417,3,'null','100000','2','200000','2024-04-17 16:19:04','2024-04-17 16:19:04','A'),
 (418,3,'null','100000','4','400000','2024-04-17 16:19:07','2024-04-17 16:19:08','A'),
 (419,3,'null','100000','3','300000','2024-04-17 16:19:59','2024-04-17 16:19:59','A'),
 (420,5,'null','100000','2','200000','2024-04-17 16:20:11','2024-04-17 16:20:11','A'),
 (421,3,'null','100000','3','300000','2024-04-17 16:20:24','2024-04-17 16:20:24','A'),
 (422,4,'null','100000','5','500000','2024-04-17 16:20:31','2024-04-17 16:20:31','A'),
 (423,5,'null','100000','2','200000','2024-04-17 16:20:33','2024-04-17 16:20:33','A'),
 (424,3,'null','100000','3','300000','2024-04-17 16:20:42','2024-04-17 16:20:42','A'),
 (425,5,'null','100000','1','100000','2024-04-17 16:20:50','2024-04-17 16:20:50','A'),
 (426,2,'22','100000','5','500000','2024-04-17 16:21:24','2024-04-17 16:21:24','A'),
 (427,1,'null','100000','1','100000','2024-04-17 16:22:05','2024-04-17 16:22:05','A'),
 (428,2,'null','100000','1','100000','2024-04-17 16:22:17','2024-04-17 16:22:17','A'),
 (429,3,'null','100000','1','100000','2024-04-17 16:22:25','2024-04-17 16:22:25','A'),
 (430,4,'null','100000','1','100000','2024-04-17 16:22:33','2024-04-17 16:22:33','A'),
 (431,5,'null','100000','1','100000','2024-04-17 16:22:41','2024-04-17 16:22:41','A'),
 (432,3,'null','100000','1','100000','2024-04-17 16:22:53','2024-04-17 16:22:53','A'),
 (433,4,'null','100000','5','500000','2024-04-17 16:23:22','2024-04-17 16:23:22','A'),
 (434,1,'27','100000','1','100000','2024-04-17 16:23:25','2024-04-17 16:23:25','A'),
 (435,4,'null','100000','1','100000','2024-04-17 16:23:29','2024-04-17 16:23:29','A'),
 (436,2,'27','100000','1','100000','2024-04-17 16:23:36','2024-04-17 16:23:36','A'),
 (437,3,'27','100000','1','100000','2024-04-17 16:23:47','2024-04-17 16:23:47','A'),
 (438,4,'27','100000','1','100000','2024-04-17 16:23:57','2024-04-17 16:23:57','A'),
 (439,1,'null','100000','2','200000','2024-04-17 16:24:06','2024-04-17 16:24:06','A'),
 (440,5,'27','100000','1','100000','2024-04-17 16:24:11','2024-04-17 16:24:11','A'),
 (441,3,'null','100000','1','100000','2024-04-17 16:24:22','2024-04-17 16:24:22','A'),
 (442,5,'null','100000','5','500000','2024-04-17 16:24:22','2024-04-17 16:24:22','A'),
 (443,4,'null','100000','1','100000','2024-04-17 16:24:30','2024-04-17 16:24:30','A'),
 (444,1,'null','100000','1','100000','2024-04-17 16:24:32','2024-04-17 16:24:32','A'),
 (445,2,'null','100000','1','100000','2024-04-17 16:24:33','2024-04-17 16:24:33','A'),
 (446,1,'null','100000','3','300000','2024-04-17 16:24:40','2024-04-17 16:24:40','A'),
 (447,5,'null','100000','1','100000','2024-04-17 16:24:43','2024-04-17 16:24:43','A'),
 (448,3,'null','100000','5','500000','2024-04-17 16:24:45','2024-04-17 16:24:45','A'),
 (449,1,'null','100000','3','300000','2024-04-17 16:24:49','2024-04-17 16:24:49','A'),
 (450,3,'null','100000','1','100000','2024-04-17 16:24:51','2024-04-17 16:24:51','A'),
 (451,3,'null','100000','1','100000','2024-04-17 16:24:56','2024-04-17 16:24:56','A'),
 (452,3,'null','100000','3','300000','2024-04-17 16:25:03','2024-04-17 16:25:03','A'),
 (453,3,'null','100000','1','100000','2024-04-17 16:25:16','2024-04-17 16:25:16','A'),
 (454,3,'null','100000','1','100000','2024-04-17 16:25:26','2024-04-17 16:25:26','A'),
 (455,4,'null','100000','1','100000','2024-04-17 16:25:39','2024-04-17 16:25:39','A'),
 (456,5,'null','100000','1','100000','2024-04-17 16:25:45','2024-04-17 16:25:45','A'),
 (457,3,'18','100000','1','100000','2024-04-17 16:25:53','2024-04-17 16:25:53','A'),
 (458,5,'null','100000','4','400000','2024-04-17 16:26:24','2024-04-17 16:26:24','A'),
 (459,1,'null','100000','1','100000','2024-04-17 16:27:03','2024-04-17 16:27:03','A'),
 (460,1,'null','100000','3','300000','2024-04-17 16:27:46','2024-04-17 16:27:46','A'),
 (461,1,'null','100000','3','300000','2024-04-17 16:27:58','2024-04-17 16:27:58','A'),
 (462,1,'null','100000','4','400000','2024-04-17 16:28:08','2024-04-17 16:28:08','A'),
 (463,3,'null','100000','2','200000','2024-04-17 16:28:43','2024-04-17 16:28:43','A'),
 (464,3,'null','100000','2','200000','2024-04-17 16:29:28','2024-04-17 16:29:28','A'),
 (465,5,'null','100000','3','300000','2024-04-17 16:29:29','2024-04-17 16:29:29','A'),
 (466,3,'null','100000','1','100000','2024-04-17 16:29:41','2024-04-17 16:29:41','A'),
 (467,2,'null','100000','1','100000','2024-04-17 16:30:05','2024-04-17 16:30:05','A'),
 (468,3,'null','100000','2','200000','2024-04-17 16:30:46','2024-04-17 16:30:46','A'),
 (469,3,'null','100000','2','200000','2024-04-17 16:31:08','2024-04-17 16:31:08','A'),
 (470,4,'null','100000','1','100000','2024-04-17 16:31:45','2024-04-17 16:31:45','A'),
 (471,1,'null','100000','2','200000','2024-04-17 16:32:07','2024-04-17 16:32:07','A'),
 (472,1,'null','100000','1','100000','2024-04-17 16:32:13','2024-04-17 16:32:13','A'),
 (473,1,'null','100000','1','100000','2024-04-17 16:32:20','2024-04-17 16:32:20','A'),
 (474,5,'null','100000','1','100000','2024-04-17 16:32:22','2024-04-17 16:32:22','A'),
 (475,4,'null','100000','1','100000','2024-04-17 16:32:23','2024-04-17 16:32:23','A'),
 (476,2,'null','100000','1','100000','2024-04-17 16:32:26','2024-04-17 16:32:26','A'),
 (477,3,'null','100000','1','100000','2024-04-17 16:32:29','2024-04-17 16:32:29','A'),
 (478,3,'null','100000','1','100000','2024-04-17 16:32:33','2024-04-17 16:32:33','A'),
 (479,4,'null','100000','1','100000','2024-04-17 16:32:42','2024-04-17 16:32:43','A'),
 (480,5,'null','100000','1','100000','2024-04-17 16:32:49','2024-04-17 16:32:49','A'),
 (481,2,'null','100000','2','200000','2024-04-17 16:33:57','2024-04-17 16:33:57','A'),
 (482,4,'null','100000','1','100000','2024-04-17 16:34:09','2024-04-17 16:34:09','A'),
 (483,1,'null','100000','1','100000','2024-04-17 16:34:16','2024-04-17 16:34:16','A'),
 (484,2,'null','100000','1','100000','2024-04-17 16:34:23','2024-04-17 16:34:23','A'),
 (485,2,'null','100000','1','100000','2024-04-17 16:34:34','2024-04-17 16:34:34','A'),
 (486,3,'null','100000','1','100000','2024-04-17 16:34:40','2024-04-17 16:34:40','A'),
 (487,3,'null','100000','1','100000','2024-04-17 16:34:45','2024-04-17 16:34:45','A'),
 (488,4,'null','100000','1','100000','2024-04-17 16:34:51','2024-04-17 16:34:51','A'),
 (489,5,'null','100000','1','100000','2024-04-17 16:34:59','2024-04-17 16:34:59','A'),
 (490,3,'null','100000','4','400000','2024-04-17 16:35:08','2024-04-17 16:35:08','A'),
 (491,2,'null','100000','2','200000','2024-04-17 16:35:27','2024-04-17 16:35:27','A'),
 (492,3,'null','100000','2','200000','2024-04-17 16:35:37','2024-04-17 16:35:37','A'),
 (493,5,'26','100000','5','500000','2024-04-17 16:35:43','2024-04-17 16:35:43','A'),
 (494,1,'null','100000','1','100000','2024-04-17 16:36:21','2024-04-17 16:36:21','A'),
 (495,3,'null','100000','2','200000','2024-04-17 16:36:33','2024-04-17 16:36:33','A'),
 (496,5,'null','100000','4','400000','2024-04-17 16:36:47','2024-04-17 16:36:47','A'),
 (497,5,'null','100000','1','100000','2024-04-17 16:37:05','2024-04-17 16:37:05','A'),
 (498,3,'null','100000','2','200000','2024-04-17 16:37:08','2024-04-17 16:37:08','A'),
 (499,4,'null','100000','1','100000','2024-04-17 16:37:27','2024-04-17 16:37:27','A'),
 (500,5,'null','100000','1','100000','2024-04-17 16:37:49','2024-04-17 16:37:49','A'),
 (501,3,'null','100000','2','200000','2024-04-17 16:40:43','2024-04-17 16:40:43','A'),
 (502,3,'28','100000','3','300000','2024-04-17 16:41:35','2024-04-17 16:41:35','A'),
 (503,1,'28','100000','2','200000','2024-04-17 16:42:05','2024-04-17 16:42:05','A'),
 (504,1,'null','100000','1','100000','2024-04-17 16:42:53','2024-04-17 16:42:53','A'),
 (505,4,'null','100000','2','200000','2024-04-17 16:43:01','2024-04-17 16:43:01','A'),
 (506,4,'null','100000','2','200000','2024-04-17 16:43:04','2024-04-17 16:43:04','A'),
 (507,1,'null','100000','2','200000','2024-04-17 16:43:15','2024-04-17 16:43:15','A'),
 (508,1,'null','100000','1','100000','2024-04-17 16:43:16','2024-04-17 16:43:16','A'),
 (509,4,'null','100000','3','300000','2024-04-17 16:43:25','2024-04-17 16:43:25','A'),
 (510,4,'null','100000','3','300000','2024-04-17 16:43:33','2024-04-17 16:43:33','A'),
 (511,1,'null','100000','2','200000','2024-04-17 16:43:43','2024-04-17 16:43:43','A'),
 (512,4,'null','100000','2','200000','2024-04-17 16:43:58','2024-04-17 16:43:58','A'),
 (513,1,'null','100000','1','100000','2024-04-17 16:44:07','2024-04-17 16:44:07','A'),
 (514,1,'null','100000','2','200000','2024-04-17 16:46:24','2024-04-17 16:46:24','A'),
 (515,3,'null','100000','3','300000','2024-04-17 16:48:12','2024-04-17 16:48:12','A'),
 (516,1,'null','100000','1','100000','2024-04-17 16:48:21','2024-04-17 16:48:21','A'),
 (517,2,'null','100000','1','100000','2024-04-17 16:48:28','2024-04-17 16:48:28','A'),
 (518,3,'null','100000','1','100000','2024-04-17 16:48:36','2024-04-17 16:48:36','A'),
 (519,4,'null','100000','1','100000','2024-04-17 16:48:45','2024-04-17 16:48:45','A'),
 (520,5,'null','100000','1','100000','2024-04-17 16:48:55','2024-04-17 16:48:55','A'),
 (521,5,'null','100000','1','100000','2024-04-17 16:49:04','2024-04-17 16:49:04','A'),
 (522,1,'27','100000','1','100000','2024-04-17 16:49:12','2024-04-17 16:49:12','A'),
 (523,2,'27','100000','1','100000','2024-04-17 16:49:23','2024-04-17 16:49:23','A'),
 (524,3,'27','100000','1','100000','2024-04-17 16:49:35','2024-04-17 16:49:35','A'),
 (525,4,'27','100000','1','100000','2024-04-17 16:49:47','2024-04-17 16:49:47','A'),
 (526,5,'27','100000','1','100000','2024-04-17 16:50:02','2024-04-17 16:50:02','A'),
 (527,1,'null','100000','1','100000','2024-04-17 16:51:06','2024-04-17 16:51:06','A'),
 (528,3,'null','100000','1','100000','2024-04-17 16:51:21','2024-04-17 16:51:21','A'),
 (529,5,'null','100000','5','500000','2024-04-17 17:03:54','2024-04-17 17:03:54','A'),
 (530,3,'24','100000','3','300000','2024-04-17 17:05:06','2024-04-17 17:05:06','A'),
 (531,5,'24','100000','2','200000','2024-04-17 17:09:19','2024-04-17 17:09:19','A'),
 (532,5,'null','100000','10','1000000','2024-04-17 17:09:45','2024-04-17 17:09:45','A'),
 (533,4,'null','100000','1','100000','2024-04-27 22:26:19','2024-04-27 22:26:19','A'),
 (534,4,'null','100000','1','100000','2024-04-29 12:41:07','2024-04-29 12:41:07','A');
/*!40000 ALTER TABLE `compras` ENABLE KEYS */;


--
-- Definition of table `foto`
--

DROP TABLE IF EXISTS `foto`;
CREATE TABLE `foto` (
  `idfoto` int(10) unsigned NOT NULL AUTO_INCREMENT,
  `idcarro` int(10) unsigned NOT NULL,
  `idproprietario` int(10) unsigned NOT NULL,
  `foto` varchar(75) NOT NULL DEFAULT '',
  `cadastro` datetime DEFAULT NULL,
  `alteracao` timestamp NOT NULL DEFAULT current_timestamp() ON UPDATE current_timestamp(),
  `ativo` char(1) NOT NULL DEFAULT 'A',
  PRIMARY KEY (`idfoto`,`idcarro`,`idproprietario`),
  KEY `FK_foto_carro` (`idcarro`),
  KEY `FK_foto_proprietario` (`idproprietario`),
  CONSTRAINT `FK_foto_carro` FOREIGN KEY (`idcarro`) REFERENCES `carro` (`idcarro`) ON DELETE CASCADE ON UPDATE CASCADE,
  CONSTRAINT `FK_foto_proprietario` FOREIGN KEY (`idproprietario`) REFERENCES `proprietario` (`idproprietario`) ON DELETE CASCADE ON UPDATE CASCADE
) ENGINE=InnoDB AUTO_INCREMENT=89 DEFAULT CHARSET=utf8mb4 COLLATE=utf8mb4_general_ci;

--
-- Dumping data for table `foto`
--

/*!40000 ALTER TABLE `foto` DISABLE KEYS */;
INSERT INTO `foto` (`idfoto`,`idcarro`,`idproprietario`,`foto`,`cadastro`,`alteracao`,`ativo`) VALUES 
 (51,4,4,'65f83b6969c51_IMG-20240314-WA0013.jpg','2024-03-18 10:02:11','2024-03-18 10:02:33','A'),
 (52,4,4,'65f83b7510d6a_IMG-20240314-WA0014.jpg','2024-03-18 10:02:37','2024-03-18 10:02:45','A'),
 (53,4,4,'65f83b860fa5a_IMG-20240314-WA0033.jpg','2024-03-18 10:02:52','2024-03-18 10:03:02','A'),
 (54,4,4,'65f83b960714a_IMG-20240314-WA0039.jpg','2024-03-18 10:03:06','2024-03-18 10:03:18','A'),
 (55,1,1,'65f83ba4ee7e6_IMG-20240314-WA0026.jpg','2024-03-18 10:03:23','2024-03-18 10:03:32','A'),
 (56,1,1,'65f83bb5d81b8_IMG-20240314-WA0049.jpg','2024-03-18 10:03:40','2024-03-18 10:03:49','A'),
 (57,1,1,'65f83bc475898_IMG-20240314-WA0056.jpg','2024-03-18 10:03:54','2024-03-18 10:04:04','A'),
 (58,1,1,'65f83bd6087a4_IMG-20240314-WA0038.jpg','2024-03-18 10:04:08','2024-03-18 10:04:22','A'),
 (59,2,2,'65f83bf28fdc3_IMG-20240314-WA0016.jpg','2024-03-18 10:04:33','2024-03-18 10:04:50','A'),
 (60,2,2,'65f83c00db706_IMG-20240314-WA0017.jpg','2024-03-18 10:04:56','2024-03-18 10:05:04','A'),
 (61,2,2,'65f83c0da01e7_IMG-20240314-WA0040.jpg','2024-03-18 10:05:08','2024-03-18 10:05:17','A'),
 (62,2,2,'65f83c2308640_IMG-20240314-WA0055.jpg','2024-03-18 10:05:25','2024-03-18 10:05:39','A'),
 (63,3,3,'65f83c3fedaf9_IMG-20240314-WA0015.jpg','2024-03-18 10:05:53','2024-03-18 10:06:07','A'),
 (64,3,3,'65f83c4f01ff9_IMG-20240314-WA0020.jpg','2024-03-18 10:06:13','2024-03-18 10:06:23','A'),
 (65,3,3,'65f83c61daf98_IMG-20240314-WA0021.jpg','2024-03-18 10:06:30','2024-03-18 10:06:41','A'),
 (66,3,3,'65f83c71efe6d_IMG-20240314-WA0023.jpg','2024-03-18 10:06:50','2024-03-18 10:06:57','A'),
 (67,5,5,'65f83c893ab55_IMG-20240314-WA0019.jpg','2024-03-18 10:07:03','2024-03-18 10:07:21','A'),
 (68,5,5,'65f83c976e654_IMG-20240314-WA0025.jpg','2024-03-18 10:07:27','2024-03-18 10:07:35','A'),
 (69,5,5,'65f83ca3bff79_IMG-20240314-WA0030.jpg','2024-03-18 10:07:39','2024-03-18 10:07:47','A'),
 (70,5,5,'65f83cb2d3668_IMG-20240314-WA0035.jpg','2024-03-18 10:07:53','2024-03-18 10:08:02','A'),
 (71,5,5,'65f83cc28d917_IMG-20240314-WA0041.jpg','2024-03-18 10:08:06','2024-03-18 10:08:18','A');
/*!40000 ALTER TABLE `foto` ENABLE KEYS */;


--
-- Definition of table `integrantesvale`
--

DROP TABLE IF EXISTS `integrantesvale`;
CREATE TABLE `integrantesvale` (
  `idintegrantesvale` int(10) unsigned NOT NULL AUTO_INCREMENT,
  `idproprietario` int(10) unsigned NOT NULL DEFAULT 0,
  `nomeIntegrantes` varchar(75) NOT NULL DEFAULT '',
  `cadastro` datetime DEFAULT NULL,
  `alteracao` timestamp NOT NULL DEFAULT current_timestamp() ON UPDATE current_timestamp(),
  `ativo` char(1) NOT NULL DEFAULT 'A',
  PRIMARY KEY (`idintegrantesvale`,`idproprietario`),
  KEY `FK_integrantesVale_proprietario` (`idproprietario`),
  CONSTRAINT `FK_integrantesVale_proprietario` FOREIGN KEY (`idproprietario`) REFERENCES `proprietario` (`idproprietario`) ON DELETE CASCADE ON UPDATE CASCADE
) ENGINE=InnoDB AUTO_INCREMENT=14 DEFAULT CHARSET=utf8mb4 COLLATE=utf8mb4_general_ci;

--
-- Dumping data for table `integrantesvale`
--

/*!40000 ALTER TABLE `integrantesvale` DISABLE KEYS */;
INSERT INTO `integrantesvale` (`idintegrantesvale`,`idproprietario`,`nomeIntegrantes`,`cadastro`,`alteracao`,`ativo`) VALUES 
 (1,1,'Laila Vitória','2024-03-15 17:17:10','2024-03-15 17:17:39','A'),
 (2,1,'Giovana','2024-03-15 17:17:10','2024-03-15 17:17:39','A'),
 (3,1,'Quésia','2024-03-15 17:17:10','2024-03-15 17:17:39','A'),
 (4,2,'Letícia Veloso','2024-03-15 17:17:10','2024-03-15 17:17:39','A'),
 (5,2,'Wagleis Barbosa','2024-03-15 17:17:10','2024-03-15 17:17:39','A'),
 (6,2,'Danielly Oliveira','2024-03-15 17:17:10','2024-03-15 17:17:39','A'),
 (7,2,'Laissa Luciano','2024-03-15 17:17:10','2024-03-15 17:17:39','A'),
 (8,4,'Yuri','2024-03-15 17:17:10','2024-03-15 17:17:39','A'),
 (9,4,'Anna Luisa','2024-03-15 17:17:10','2024-03-15 17:17:39','A'),
 (10,4,'Thiago','2024-03-15 17:17:10','2024-03-15 17:17:39','A'),
 (11,5,'Fenix','2024-03-15 17:17:10','2024-03-15 17:17:39','A'),
 (12,5,'Elion','2024-03-15 17:17:10','2024-03-15 17:17:39','A'),
 (13,5,'Kauan','2024-03-15 17:17:10','2024-03-15 17:17:41','A');
/*!40000 ALTER TABLE `integrantesvale` ENABLE KEYS */;


--
-- Definition of table `lidervale`
--

DROP TABLE IF EXISTS `lidervale`;
CREATE TABLE `lidervale` (
  `idlidervale` int(10) unsigned NOT NULL AUTO_INCREMENT,
  `idproprietario` int(10) unsigned NOT NULL,
  `nomeLider` varchar(75) NOT NULL DEFAULT '',
  `cadastro` datetime DEFAULT NULL,
  `alteracao` timestamp NOT NULL DEFAULT current_timestamp() ON UPDATE current_timestamp(),
  `ativo` char(1) NOT NULL DEFAULT 'A',
  PRIMARY KEY (`idlidervale`,`idproprietario`),
  KEY `FK_liderVale_proprietario` (`idproprietario`),
  CONSTRAINT `FK_liderVale_proprietario` FOREIGN KEY (`idproprietario`) REFERENCES `proprietario` (`idproprietario`) ON DELETE CASCADE ON UPDATE CASCADE
) ENGINE=InnoDB AUTO_INCREMENT=6 DEFAULT CHARSET=utf8mb4 COLLATE=utf8mb4_general_ci;

--
-- Dumping data for table `lidervale`
--

/*!40000 ALTER TABLE `lidervale` DISABLE KEYS */;
INSERT INTO `lidervale` (`idlidervale`,`idproprietario`,`nomeLider`,`cadastro`,`alteracao`,`ativo`) VALUES 
 (1,1,'Talita','2024-03-15 17:19:28','2024-03-15 17:19:44','A'),
 (2,2,'Pedro Henrique ','2024-03-15 17:19:28','2024-03-15 17:19:44','A'),
 (3,3,'Lucas Alves','2024-03-15 17:19:28','2024-03-15 17:19:44','A'),
 (4,5,'Guilherme Duarte','2024-03-15 17:19:28','2024-03-15 17:19:44','A'),
 (5,5,'Victor Cauã','2024-03-15 17:19:28','2024-03-15 17:19:46','A');
/*!40000 ALTER TABLE `lidervale` ENABLE KEYS */;


--
-- Definition of table `pagamento`
--

DROP TABLE IF EXISTS `pagamento`;
CREATE TABLE `pagamento` (
  `idpagamento` int(10) unsigned NOT NULL AUTO_INCREMENT,
  `formaPagamento` varchar(20) NOT NULL DEFAULT '',
  `cadastro` datetime DEFAULT NULL,
  `alteracao` timestamp NOT NULL DEFAULT current_timestamp() ON UPDATE current_timestamp(),
  `ativo` char(1) NOT NULL DEFAULT 'A',
  PRIMARY KEY (`idpagamento`)
) ENGINE=InnoDB AUTO_INCREMENT=3 DEFAULT CHARSET=utf8mb4 COLLATE=utf8mb4_general_ci;

--
-- Dumping data for table `pagamento`
--

/*!40000 ALTER TABLE `pagamento` DISABLE KEYS */;
INSERT INTO `pagamento` (`idpagamento`,`formaPagamento`,`cadastro`,`alteracao`,`ativo`) VALUES 
 (1,'Dinheiro','2024-03-15 17:20:27','2024-03-15 17:20:42','A'),
 (2,'Cartão','2024-03-15 17:20:27','2024-03-15 17:20:42','A');
/*!40000 ALTER TABLE `pagamento` ENABLE KEYS */;


--
-- Definition of table `proprietario`
--

DROP TABLE IF EXISTS `proprietario`;
CREATE TABLE `proprietario` (
  `idproprietario` int(10) unsigned NOT NULL AUTO_INCREMENT,
  `nomeProprietario` varchar(75) NOT NULL DEFAULT '',
  `cadastro` datetime DEFAULT NULL,
  `alteracao` timestamp NOT NULL DEFAULT current_timestamp() ON UPDATE current_timestamp(),
  `ativo` char(1) NOT NULL DEFAULT 'A',
  PRIMARY KEY (`idproprietario`)
) ENGINE=InnoDB AUTO_INCREMENT=7 DEFAULT CHARSET=utf8mb4 COLLATE=utf8mb4_general_ci;

--
-- Dumping data for table `proprietario`
--

/*!40000 ALTER TABLE `proprietario` DISABLE KEYS */;
INSERT INTO `proprietario` (`idproprietario`,`nomeProprietario`,`cadastro`,`alteracao`,`ativo`) VALUES 
 (1,'Red Senna','2024-03-15 16:45:32','2024-03-15 16:45:51','A'),
 (2,'Marquinhos','2024-03-15 16:45:32','2024-03-15 16:45:51','A'),
 (3,'Scuderia','2024-03-15 16:45:32','2024-03-15 16:45:51','A'),
 (4,'Fittipaldi','2024-03-15 16:45:32','2024-03-15 16:45:51','A'),
 (5,'    FBM(Fábrica Brasileira de Motores)','2024-03-15 16:45:32','2024-04-12 13:46:41','A');
/*!40000 ALTER TABLE `proprietario` ENABLE KEYS */;




/*!40101 SET SQL_MODE=@OLD_SQL_MODE */;
/*!40014 SET FOREIGN_KEY_CHECKS=@OLD_FOREIGN_KEY_CHECKS */;
/*!40014 SET UNIQUE_CHECKS=@OLD_UNIQUE_CHECKS */;
/*!40101 SET CHARACTER_SET_CLIENT=@OLD_CHARACTER_SET_CLIENT */;
/*!40101 SET CHARACTER_SET_RESULTS=@OLD_CHARACTER_SET_RESULTS */;
/*!40101 SET COLLATION_CONNECTION=@OLD_COLLATION_CONNECTION */;
/*!40101 SET CHARACTER_SET_CLIENT=@OLD_CHARACTER_SET_CLIENT */;
