-- MySQL Administrator dump 1.4
--
-- ------------------------------------------------------
-- Server version	5.5.5-10.4.28-MariaDB


/*!40101 SET @OLD_CHARACTER_SET_CLIENT=@@CHARACTER_SET_CLIENT */;
/*!40101 SET @OLD_CHARACTER_SET_RESULTS=@@CHARACTER_SET_RESULTS */;
/*!40101 SET @OLD_COLLATION_CONNECTION=@@COLLATION_CONNECTION */;
/*!40101 SET NAMES utf8 */;

/*!40014 SET @OLD_UNIQUE_CHECKS=@@UNIQUE_CHECKS, UNIQUE_CHECKS=0 */;
/*!40014 SET @OLD_FOREIGN_KEY_CHECKS=@@FOREIGN_KEY_CHECKS, FOREIGN_KEY_CHECKS=0 */;
/*!40101 SET @OLD_SQL_MODE=@@SQL_MODE, SQL_MODE='NO_AUTO_VALUE_ON_ZERO' */;


--
-- Create schema tcc
--

CREATE DATABASE IF NOT EXISTS tcc;
USE tcc;

--
-- Definition of table `emprestimo`
--

DROP TABLE IF EXISTS `emprestimo`;
CREATE TABLE `emprestimo` (
  `idemprestimo` int(10) unsigned NOT NULL AUTO_INCREMENT,
  `idusuario` int(10) unsigned NOT NULL DEFAULT 0,
  `dataEmprestimo` date DEFAULT NULL,
  `horaInicial` time NOT NULL DEFAULT '00:00:00',
  `horaFim` time NOT NULL DEFAULT '00:00:00',
  `codigoEmprestimo` varchar(20) NOT NULL,
  `devolvido` char(1) NOT NULL DEFAULT '',
  `prioridade` varchar(15) NOT NULL DEFAULT '',
  `observacao` varchar(400) DEFAULT NULL,
  `cadastro` datetime NOT NULL,
  `alteracao` timestamp NOT NULL DEFAULT current_timestamp() ON UPDATE current_timestamp(),
  `ativo` char(1) NOT NULL DEFAULT 'A',
  PRIMARY KEY (`idemprestimo`,`idusuario`) USING BTREE,
  UNIQUE KEY `idaluguel` (`idemprestimo`) USING BTREE,
  KEY `FK_aluguel_usuario` (`idusuario`),
  CONSTRAINT `FK_aluguel_usuario` FOREIGN KEY (`idusuario`) REFERENCES `usuario` (`idusuario`) ON DELETE CASCADE ON UPDATE CASCADE
) ENGINE=InnoDB AUTO_INCREMENT=186 DEFAULT CHARSET=utf8mb4 COLLATE=utf8mb4_general_ci;

--
-- Dumping data for table `emprestimo`
--

/*!40000 ALTER TABLE `emprestimo` DISABLE KEYS */;
INSERT INTO `emprestimo` (`idemprestimo`,`idusuario`,`dataEmprestimo`,`horaInicial`,`horaFim`,`codigoEmprestimo`,`devolvido`,`prioridade`,`observacao`,`cadastro`,`alteracao`,`ativo`) VALUES 
 (1,72,'2024-07-09','08:00:00','16:30:00','668be6995757f','S','1','','2024-07-08 10:16:09','2024-07-30 15:22:20','A'),
 (3,44,'2024-07-08','14:00:00','15:00:00','668c1918348b2','S','1','','2024-07-08 13:51:36','2024-07-30 15:22:20','A'),
 (4,12,'2024-07-08','15:00:00','17:00:00','668c226422cdb','S','1','','2024-07-08 14:31:16','2024-07-30 15:22:20','A'),
 (5,25,'2024-07-23','15:00:00','17:30:00','669feb82f020f','S','2','NAO','2024-07-23 14:42:26','2024-07-30 15:22:20','A'),
 (6,91,'2024-07-25','15:00:00','18:30:00','66a28f1079500','N','1','NAO','2024-07-25 14:44:48','2024-07-30 15:22:20','A'),
 (7,102,'2024-07-26','09:30:00','18:30:00','66a3954107a90','N','2','NAO','2024-07-26 09:23:29','2024-07-30 15:22:20','A'),
 (8,60,'2024-07-26','12:30:00','23:00:00','66a3affbe54d3','S','1','NAO','2024-07-26 11:17:31','2024-07-30 15:22:20','A'),
 (9,10,'2024-07-29','10:00:00','20:00:00','66a78f004e023','S','3','Uso pessoal :)','2024-07-29 09:45:52','2024-07-30 16:08:29','A'),
 (10,42,'2024-07-30','08:30:00','09:00:00','66a7f07dc51cb','N','1','NAO','2024-07-29 16:41:49','2024-07-30 15:22:20','A'),
 (11,52,'2024-10-08','00:00:00','17:00:00','66a7f15b36be4','N','1','NAO','2024-07-29 16:45:31','2024-07-30 15:22:20','A'),
 (12,49,'2024-10-08','00:00:00','17:00:00','66a7f16689a5f','N','1','NAO','2024-07-29 16:45:42','2024-07-30 15:22:20','A'),
 (13,27,'2024-10-08','00:00:00','17:00:00','66a7f2269ab40','N','1','NAO','2024-07-29 16:48:54','2024-07-30 15:22:20','A'),
 (14,80,'2024-10-08','00:00:00','17:00:00','66a7f239c4dc5','N','1','NAO','2024-07-29 16:49:13','2024-07-30 15:22:20','A'),
 (15,96,'2024-10-08','00:00:00','17:00:00','66a7f24c6fb1d','S','1','NAO','2024-07-29 16:49:32','2024-07-30 16:30:20','A'),
 (16,86,'2024-10-08','00:00:00','17:00:00','66a7f271a55d8','S','1','NAO','2024-07-29 16:50:09','2024-07-30 16:35:20','A'),
 (17,30,'2024-10-08','00:00:00','17:00:00','66a7f27cdb42c','N','1','NAO','2024-07-29 16:50:20','2024-07-30 15:22:20','A'),
 (18,68,'2024-10-08','00:00:00','17:00:00','66a7f285309c9','N','1','NAO','2024-07-29 16:50:29','2024-07-30 15:22:20','A'),
 (19,43,'2024-10-08','00:00:00','17:00:00','66a7f28c2ec84','N','1','NAO','2024-07-29 16:50:36','2024-07-30 15:22:20','A'),
 (20,84,'2024-10-08','00:00:00','17:00:00','66a8e8a92e183','N','1','NAO','2024-07-30 10:20:41','2024-07-30 15:22:20','A'),
 (21,63,'2024-10-08','06:00:00','17:00:00','66a8e8bbb0232','N','1','NAO','2024-07-30 10:20:59','2024-07-30 15:22:20','A'),
 (22,49,'2024-10-08','08:00:00','17:00:00','66a8e8ca84659','S','1','NAO','2024-07-30 10:21:14','2024-07-30 16:03:56','A'),
 (23,65,'2024-10-07','08:30:00','17:00:00','66a8e94e91288','S','1','NAO','2024-07-30 10:23:26','2024-07-30 16:31:29','A'),
 (24,72,'2024-10-10','09:00:00','17:00:00','66a8e96326eda','N','2','NAO','2024-07-30 10:23:47','2024-07-30 15:22:20','A'),
 (25,49,'2024-08-31','00:00:00','17:00:00','66a8e98e8a770','S','1','NAO','2024-07-30 10:24:30','2024-07-30 16:34:44','A'),
 (26,87,'2024-08-08','07:30:00','17:00:00','66a8e9c3d8b43','N','1','NAO','2024-07-30 10:25:23','2024-07-30 15:22:20','A'),
 (27,55,'2024-08-08','08:30:00','17:00:00','66a8ea151c95d','N','1','NAO','2024-07-30 10:26:45','2024-07-30 15:22:20','A'),
 (28,45,'2024-08-08','08:00:00','17:00:00','66a8ea26b733d','N','1','NAO','2024-07-30 10:27:02','2024-07-30 15:22:20','A'),
 (29,43,'2024-08-08','08:00:00','17:00:00','66a8eae99f628','S','1','NAO','2024-07-30 10:30:17','2024-07-30 16:30:57','A'),
 (30,13,'2024-08-05','08:00:00','17:00:00','66a8eb573b1a9','S','1','NAO','2024-07-30 10:32:07','2024-07-30 16:35:43','A'),
 (31,100,'2024-07-31','09:00:00','17:00:00','66a8eb65a8ca8','N','1','NAO','2024-07-30 10:32:21','2024-07-30 15:22:20','A'),
 (32,80,'2024-08-01','08:30:00','17:00:00','66a8eec092b96','N','1','NAO','2024-07-30 10:46:40','2024-07-30 15:22:20','A'),
 (33,61,'2024-07-30','14:00:00','17:00:00','66a8eee29de6d','N','1','NAO','2024-07-30 10:47:14','2024-07-30 15:22:20','A'),
 (34,62,'2024-08-03','07:00:00','17:00:00','66a8ef0460ffd','N','2','NAO','2024-07-30 10:47:48','2024-07-30 15:22:20','A'),
 (35,56,'2024-08-04','09:00:00','17:00:00','66a8ef17412da','N','2','NAO','2024-07-30 10:48:07','2024-07-30 15:22:20','A'),
 (36,63,'2024-08-08','08:30:00','17:00:00','66a8ef2831177','S','2','NAO','2024-07-30 10:48:24','2024-07-30 16:29:15','A'),
 (37,48,'2024-08-01','09:00:00','17:00:00','66a8ef3b9c561','S','1','NAO','2024-07-30 10:48:43','2024-07-30 16:33:49','A'),
 (38,64,'2024-07-31','00:00:00','17:00:00','66a8ef5285b35','N','3','NAO','2024-07-30 10:49:06','2024-07-30 15:22:20','A'),
 (39,78,'2024-07-30','11:00:00','17:00:00','66a8ef716026e','N','3','NAO','2024-07-30 10:49:37','2024-07-30 15:22:20','A'),
 (40,98,'2024-08-31','04:00:00','17:00:00','66a8ef8ba2841','N','2','NAO','2024-07-30 10:50:03','2024-07-30 15:22:20','A'),
 (41,103,'2024-08-31','11:00:00','17:00:00','66a8efb5d1ac0','N','2','NAO','2024-07-30 10:50:45','2024-07-30 15:22:20','A'),
 (42,99,'2024-08-02','08:00:00','17:00:00','66a8efcbcf981','N','1','NAO','2024-07-30 10:51:07','2024-07-30 15:22:20','A'),
 (43,79,'2024-07-30','13:00:00','17:00:00','66a8eff3a8731','S','3','NAO','2024-07-30 10:51:47','2024-07-30 16:28:08','A'),
 (44,21,'2024-08-04','08:00:00','17:00:00','66a8f3089de3d','S','1','NAO','2024-07-30 11:04:56','2024-07-30 16:22:40','A'),
 (45,79,'2024-08-16','09:00:00','17:00:00','66a914c839438','N','1','NAO','2024-07-30 13:28:56','2024-07-30 15:22:20','A'),
 (46,55,'2024-08-08','00:00:00','17:00:00','66a9154f153df','N','1','NAO','2024-07-30 13:31:11','2024-07-30 15:22:20','A'),
 (47,15,'2024-08-08','22:00:00','23:30:00','66a9158076a4c','N','1','NAO','2024-07-30 13:32:00','2024-07-30 15:22:20','A'),
 (48,73,'2024-08-08','00:00:00','17:00:00','66a9159ab7c4b','S','2','NAO','2024-07-30 13:32:26','2024-07-30 16:13:36','A'),
 (49,33,'2024-08-08','06:30:00','20:30:00','66a915b2c1437','N','1','NAO','2024-07-30 13:32:50','2024-07-30 15:22:20','A'),
 (50,24,'2024-08-08','07:00:00','17:00:00','66a915c66a187','S','3','NAO','2024-07-30 13:33:10','2024-07-30 16:05:46','A'),
 (51,93,'2024-08-08','00:00:00','17:00:00','66a915dd4f185','N','1','NAO','2024-07-30 13:33:33','2024-07-30 15:22:20','A'),
 (52,78,'2024-10-15','08:30:00','23:30:00','66a91607835d8','N','1','NAO','2024-07-30 13:34:15','2024-07-30 15:22:20','A'),
 (53,52,'2024-08-21','07:30:00','23:00:00','66a9162084d7d','S','1','NAO','2024-07-30 13:34:40','2024-07-30 16:19:38','A'),
 (54,94,'2024-08-08','06:30:00','22:00:00','66a9163707fe4','N','1','NAO','2024-07-30 13:35:03','2024-07-30 15:22:20','A'),
 (55,39,'2024-11-29','06:00:00','22:00:00','66a91654effc8','N','1','NAO','2024-07-30 13:35:32','2024-07-30 15:22:20','A'),
 (56,17,'2025-02-22','08:30:00','21:30:00','66a9168da02ac','N','1','NAO','2024-07-30 13:36:29','2024-07-30 15:22:20','A'),
 (57,88,'2025-07-23','07:30:00','21:30:00','66a916b554511','S','2','NAO','2024-07-30 13:37:09','2024-07-30 16:14:49','A'),
 (58,92,'2024-12-24','08:00:00','22:30:00','66a916d54e221','N','1','NAO','2024-07-30 13:37:41','2024-07-30 15:22:20','A'),
 (59,53,'2024-08-14','08:00:00','23:00:00','66a916ea85d37','N','1','NAO','2024-07-30 13:38:02','2024-07-30 15:22:20','A'),
 (60,25,'2024-08-21','08:30:00','22:30:00','66a91700cb64f','N','2','NAO','2024-07-30 13:38:24','2024-07-30 15:22:20','A'),
 (61,97,'2024-08-21','08:00:00','20:30:00','66a9171b9cbf6','N','3','NAO','2024-07-30 13:38:51','2024-07-30 15:22:20','A'),
 (62,81,'2024-09-01','05:00:00','20:00:00','66a91763479e2','S','3','NAO','2024-07-30 13:40:03','2024-07-30 16:08:56','A'),
 (63,76,'2024-08-08','00:00:00','17:00:00','66a91771c638f','N','1','NAO','2024-07-30 13:40:17','2024-07-30 15:22:20','A'),
 (64,82,'2024-08-28','00:00:00','17:00:00','66a9178bf19dd','S','1','NAO','2024-07-30 13:40:43','2024-07-30 16:20:13','A'),
 (65,52,'2024-08-16','00:00:00','17:00:00','66a9179890f2a','N','1','NAO','2024-07-30 13:40:56','2024-07-30 15:22:20','A'),
 (66,100,'2024-08-30','00:00:00','17:00:00','66a917ae092f5','N','1','NAO','2024-07-30 13:41:18','2024-07-30 15:22:20','A'),
 (67,29,'2024-08-31','00:00:00','17:00:00','66a917c38a1a4','N','1','NAO','2024-07-30 13:41:39','2024-07-30 15:22:20','A'),
 (68,87,'2024-08-17','06:30:00','21:00:00','66a917d695b8c','N','1','NAO','2024-07-30 13:41:58','2024-07-30 15:22:20','A'),
 (69,100,'2024-08-20','07:00:00','21:30:00','66a917fb8e2c9','N','1','NAO','2024-07-30 13:42:35','2024-07-30 15:22:20','A'),
 (70,52,'2024-08-08','00:00:00','17:00:00','66a9180680354','N','1','NAO','2024-07-30 13:42:46','2024-07-30 16:30:16','A'),
 (71,12,'2024-08-08','00:00:00','17:00:00','66a9181c5c51c','N','1','NAO','2024-07-30 13:43:08','2024-07-30 15:22:20','A'),
 (72,25,'2024-08-08','06:30:00','22:30:00','66a918315f923','N','3','NAO','2024-07-30 13:43:29','2024-07-30 15:22:20','A'),
 (73,67,'2024-08-08','04:30:00','22:00:00','66a91848ac281','N','3','NAO','2024-07-30 13:43:52','2024-07-30 15:22:20','A'),
 (74,17,'2024-08-08','03:30:00','21:00:00','66a9186499c69','N','3','NAO','2024-07-30 13:44:20','2024-07-30 15:22:20','A'),
 (75,50,'2024-08-21','02:00:00','20:00:00','66a9188ca145a','N','2','NAO','2024-07-30 13:45:00','2024-07-30 15:22:20','A'),
 (76,21,'2024-08-20','06:30:00','19:30:00','66a918a661c18','N','3','NAO','2024-07-30 13:45:26','2024-07-30 15:22:20','A'),
 (77,43,'2024-08-30','07:30:00','17:00:00','66a918c5c2d77','N','2','NAO','2024-07-30 13:45:57','2024-07-30 15:22:20','A'),
 (78,44,'2024-09-03','08:30:00','17:00:00','66a918e3c055c','S','1','NAO','2024-07-30 13:46:27','2024-07-30 16:29:44','A'),
 (79,45,'2024-08-08','00:00:00','17:00:00','66a918f134ddd','N','3','NAO','2024-07-30 13:46:41','2024-07-30 16:31:46','A'),
 (80,104,'2024-08-09','07:30:00','17:00:00','66a919013e958','N','3','NAO','2024-07-30 13:46:57','2024-07-30 15:22:20','A'),
 (81,67,'2024-08-10','07:30:00','17:00:00','66a91913d3f84','N','3','NAO','2024-07-30 13:47:15','2024-07-30 15:22:20','A'),
 (82,80,'2024-08-11','08:30:00','22:00:00','66a919294b469','N','3','NAO','2024-07-30 13:47:37','2024-07-30 15:22:20','A'),
 (83,71,'2024-08-12','04:00:00','17:00:00','66a9193e03388','N','2','NAO','2024-07-30 13:47:58','2024-07-30 15:22:20','A'),
 (84,45,'2024-08-13','05:00:00','17:00:00','66a91960c8109','N','2','NAO','2024-07-30 13:48:32','2024-07-30 15:22:20','A'),
 (85,44,'2024-08-16','02:30:00','17:00:00','66a919734500f','N','1','NAO','2024-07-30 13:48:51','2024-07-30 15:22:20','A'),
 (86,34,'2024-08-08','06:00:00','17:00:00','66a919820ae12','N','1','NAO','2024-07-30 13:49:06','2024-07-30 15:22:20','A'),
 (87,57,'2024-08-08','00:00:00','17:00:00','66a9198d30d39','N','1','NAO','2024-07-30 13:49:17','2024-07-30 15:22:20','A'),
 (88,41,'2024-08-08','00:00:00','17:00:00','66a919a011e68','S','1','NAO','2024-07-30 13:49:36','2024-07-30 16:21:31','A'),
 (89,68,'2024-08-08','00:00:00','17:00:00','66a919b03dee3','S','1','NAO','2024-07-30 13:49:52','2024-07-30 16:21:07','A'),
 (90,55,'2024-08-08','00:00:00','17:00:00','66a919c572812','N','2','NAO','2024-07-30 13:50:13','2024-07-30 15:22:20','A'),
 (91,90,'2024-08-28','00:00:00','17:00:00','66a919f5ebda5','N','1','NAO','2024-07-30 13:51:01','2024-07-30 15:22:20','A'),
 (92,69,'2024-08-08','00:00:00','17:00:00','66a91a04a65dd','N','1','NAO','2024-07-30 13:51:16','2024-07-30 15:22:20','A'),
 (93,18,'2024-08-08','06:30:00','19:00:00','66a91a1c4561e','N','1','NAO','2024-07-30 13:51:40','2024-07-30 15:22:20','A'),
 (94,62,'2024-08-08','02:00:00','20:30:00','66a91a2c2d72b','N','2','NAO','2024-07-30 13:51:56','2024-07-30 15:22:20','A'),
 (95,69,'2024-09-06','07:00:00','20:30:00','66a91a437009a','S','2','NAO','2024-07-30 13:52:19','2024-07-30 16:25:32','A'),
 (96,24,'2024-08-08','00:00:00','17:00:00','66a91a63508f0','S','1','NAO','2024-07-30 13:52:51','2024-07-30 16:24:28','A'),
 (97,29,'2024-09-04','07:30:00','23:00:00','66a91a7691b98','S','1','NAO','2024-07-30 13:53:10','2024-07-30 16:34:19','A'),
 (98,103,'2024-08-29','06:00:00','17:00:00','66a91a8c07021','N','2','NAO','2024-07-30 13:53:32','2024-07-30 15:22:20','A'),
 (99,45,'2024-08-20','05:30:00','17:00:00','66a91aa213542','N','1','NAO','2024-07-30 13:53:54','2024-07-30 15:22:20','A'),
 (100,63,'2024-08-08','00:00:00','17:00:00','66a91ab232ec9','N','1','NAO','2024-07-30 13:54:10','2024-07-30 15:22:20','A'),
 (101,79,'2024-08-24','06:30:00','17:00:00','66a91acc03caf','N','1','NAO','2024-07-30 13:54:36','2024-07-30 15:22:20','A'),
 (102,64,'2024-08-30','08:00:00','17:00:00','66a91aee0e8f3','N','2','NAO','2024-07-30 13:55:10','2024-07-30 15:22:20','A'),
 (103,64,'2024-08-08','07:00:00','17:00:00','66a91b7ee7d7f','S','2','NAO','2024-07-30 13:57:34','2024-07-30 16:17:40','A'),
 (104,26,'2024-08-08','07:00:00','17:00:00','66a91b900bf70','N','3','NAO','2024-07-30 13:57:52','2024-07-30 15:22:20','A'),
 (105,103,'2024-10-03','07:00:00','17:00:00','66a91bb2bc376','S','2','NAO','2024-07-30 13:58:26','2024-07-30 16:15:52','A'),
 (106,100,'2024-08-23','07:00:00','21:30:00','66a91bcb2da34','N','2','NAO','2024-07-30 13:58:51','2024-07-30 15:22:20','A'),
 (107,41,'2024-10-10','06:00:00','17:00:00','66a91bed51586','N','2','NAO','2024-07-30 13:59:25','2024-07-30 15:22:20','A'),
 (108,67,'2024-09-28','06:30:00','17:00:00','66a91c3485898','S','3','NAO','2024-07-30 14:00:36','2024-07-30 16:06:37','A'),
 (109,50,'2024-08-24','07:00:00','17:00:00','66a91c495addf','N','2','NAO','2024-07-30 14:00:57','2024-07-30 15:22:20','A'),
 (110,69,'2024-08-08','00:00:00','17:00:00','66a91c56af41b','N','1','NAO','2024-07-30 14:01:10','2024-07-30 15:22:20','A'),
 (111,105,'2024-08-08','05:30:00','20:30:00','66a91c6d2365a','N','2','NAO','2024-07-30 14:01:33','2024-07-30 15:22:20','A'),
 (112,45,'2024-08-31','07:30:00','22:30:00','66a91c988bf02','N','2','NAO','2024-07-30 14:02:16','2024-07-30 15:22:20','A'),
 (113,79,'2024-10-03','06:30:00','17:00:00','66a91cb2bbada','S','3','NAO','2024-07-30 14:02:42','2024-07-30 16:10:49','A'),
 (114,51,'2024-08-31','08:00:00','17:00:00','66a91cc84c1d1','N','2','NAO','2024-07-30 14:03:04','2024-07-30 15:22:20','A'),
 (115,67,'2024-08-22','00:00:00','17:00:00','66a91cdaa772c','N','2','NAO','2024-07-30 14:03:22','2024-07-30 15:22:20','A'),
 (116,14,'2024-08-21','07:30:00','17:00:00','66a91cee28c85','N','2','NAO','2024-07-30 14:03:42','2024-07-30 15:22:20','A'),
 (117,101,'2024-08-08','00:00:00','17:00:00','66a91d0186b42','N','2','NAO','2024-07-30 14:04:01','2024-07-30 15:22:20','A'),
 (118,90,'2024-08-22','08:00:00','17:00:00','66a91d18a0078','N','1','NAO','2024-07-30 14:04:24','2024-07-30 15:22:20','A'),
 (119,101,'2024-08-23','07:00:00','17:00:00','66a91d3249751','N','1','NAO','2024-07-30 14:04:50','2024-07-30 15:22:20','A'),
 (120,39,'2024-08-29','07:30:00','17:00:00','66a91db22e2eb','N','2','NAO','2024-07-30 14:06:58','2024-07-30 15:22:20','A'),
 (121,36,'2024-08-22','06:30:00','17:00:00','66a91dcd8f0f2','N','1','NAO','2024-07-30 14:07:25','2024-07-30 15:22:20','A'),
 (122,16,'2024-09-07','05:00:00','17:00:00','66a91deb6c17c','N','2','NAO','2024-07-30 14:07:55','2024-07-30 15:22:20','A'),
 (123,63,'2024-08-28','07:30:00','17:00:00','66a91e0d74eca','N','3','NAO','2024-07-30 14:08:29','2024-07-30 15:22:20','A'),
 (124,56,'2024-08-08','07:00:00','17:00:00','66a91e22ee30d','N','3','NAO','2024-07-30 14:08:50','2024-07-30 15:22:20','A'),
 (125,84,'2024-08-22','00:00:00','17:00:00','66a91e3c07a6b','S','2','NAO','2024-07-30 14:09:16','2024-07-30 16:00:36','A'),
 (126,92,'2024-10-25','06:30:00','23:00:00','66a91e5ad0a9c','N','2','NAO','2024-07-30 14:09:46','2024-07-30 15:22:20','A'),
 (127,75,'2024-08-20','06:30:00','21:30:00','66a91e72536cd','S','2','NAO','2024-07-30 14:10:10','2024-07-30 16:11:24','A'),
 (128,74,'2024-08-29','08:30:00','22:00:00','66a91eaaf008a','N','2','NAO','2024-07-30 14:11:06','2024-07-30 15:22:20','A'),
 (129,79,'2024-08-29','08:00:00','20:30:00','66a91ec943b7d','N','2','NAO','2024-07-30 14:11:37','2024-07-30 15:22:20','A'),
 (130,43,'2024-08-27','08:30:00','23:00:00','66a91edfe34c2','N','2','NAO','2024-07-30 14:11:59','2024-07-30 15:22:20','A'),
 (131,97,'2024-08-22','00:00:00','17:00:00','66a91ef678884','N','2','NAO','2024-07-30 14:12:22','2024-07-30 15:22:20','A'),
 (132,60,'2024-08-08','00:00:00','17:00:00','66a91f073188a','N','2','NAO','2024-07-30 14:12:39','2024-07-30 15:22:20','A'),
 (133,14,'2024-08-31','07:00:00','17:00:00','66a91f1d18fa5','N','3','NAO','2024-07-30 14:13:01','2024-07-30 15:22:20','A'),
 (134,54,'2024-09-05','06:30:00','17:00:00','66a91f35ab235','N','3','NAO','2024-07-30 14:13:25','2024-07-30 15:22:20','A'),
 (135,26,'2024-08-29','06:30:00','17:00:00','66a91f52f1d48','N','2','NAO','2024-07-30 14:13:54','2024-07-30 15:22:20','A'),
 (136,10,'2024-09-07','08:00:00','17:00:00','66a91f64b1476','N','2','NAO','2024-07-30 14:14:12','2024-07-30 15:22:20','A'),
 (137,36,'2024-12-06','07:30:00','17:00:00','66a91f7e21455','N','2','NAO','2024-07-30 14:14:38','2024-07-30 15:22:20','A'),
 (138,10,'2024-08-22','06:30:00','21:30:00','66a91f9463f06','S','2','NAO','2024-07-30 14:15:00','2024-07-30 16:28:44','A'),
 (139,32,'2024-08-08','03:00:00','17:00:00','66a91fa7148e5','N','2','NAO','2024-07-30 14:15:19','2024-07-30 15:22:20','A'),
 (140,63,'2024-08-28','07:30:00','17:00:00','66a91fb968cb2','N','2','NAO','2024-07-30 14:15:37','2024-07-30 15:22:20','A'),
 (141,39,'2024-09-28','06:30:00','17:00:00','66a91fd22dd5e','N','3','NAO','2024-07-30 14:16:02','2024-07-30 15:22:20','A'),
 (142,46,'2024-08-08','08:00:00','17:00:00','66a91fe9b5972','N','2','NAO','2024-07-30 14:16:25','2024-07-30 15:22:20','A'),
 (143,45,'2024-08-08','04:00:00','22:00:00','66a91ffc3ebd8','N','2','NAO','2024-07-30 14:16:44','2024-07-30 15:22:20','A'),
 (144,42,'2024-08-26','07:00:00','17:00:00','66a9200e801e2','S','3','NAO','2024-07-30 14:17:02','2024-07-30 16:04:55','A'),
 (145,52,'2024-08-31','06:00:00','17:00:00','66a92022876d8','N','3','NAO','2024-07-30 14:17:22','2024-07-30 15:22:20','A'),
 (146,97,'2024-08-29','07:30:00','17:00:00','66a9204707e1e','N','2','NAO','2024-07-30 14:17:59','2024-07-30 15:05:11','A'),
 (147,36,'2024-08-30','07:30:00','17:00:00','66a920579cefe','N','1','NAO','2024-07-30 14:18:15','2024-07-30 15:22:20','A'),
 (148,68,'2024-08-27','07:30:00','17:00:00','66a9207248929','N','2','NAO','2024-07-30 14:18:42','2024-07-30 15:22:20','A'),
 (149,73,'2024-12-28','05:00:00','17:00:00','66a920865c05d','N','1','NAO','2024-07-30 14:19:02','2024-07-30 15:22:20','A'),
 (150,33,'2024-08-29','06:00:00','17:00:00','66a9209b5a884','N','1','NAO','2024-07-30 14:19:23','2024-07-30 15:22:20','A'),
 (151,95,'2024-08-08','04:30:00','17:00:00','66a920aab2778','N','3','NAO','2024-07-30 14:19:38','2024-07-30 15:22:20','A'),
 (152,74,'2024-08-08','07:00:00','17:00:00','66a920bda281a','N','2','NAO','2024-07-30 14:19:57','2024-07-30 15:22:20','A'),
 (153,96,'2024-08-31','07:00:00','17:00:00','66a920d4c0818','N','2','NAO','2024-07-30 14:20:20','2024-07-30 15:22:20','A'),
 (154,72,'2025-07-23','07:00:00','17:00:00','66a920f1d078c','N','1','NAO','2024-07-30 14:20:49','2024-07-30 15:22:20','A'),
 (155,91,'2024-08-30','07:30:00','17:00:00','66a9210885d99','S','2','NAO','2024-07-30 14:21:12','2024-07-30 16:10:00','A'),
 (156,72,'2024-09-07','06:30:00','17:00:00','66a9211d72db1','N','1','NAO','2024-07-30 14:21:33','2024-07-30 15:05:11','A'),
 (157,42,'2024-09-05','06:30:00','17:00:00','66a92132e87a5','N','1','NAO','2024-07-30 14:21:54','2024-07-30 15:22:20','A'),
 (158,59,'2024-08-31','07:00:00','17:00:00','66a9214fb0b07','S','2','NAO','2024-07-30 14:22:23','2024-07-30 16:13:04','A'),
 (159,76,'2024-08-29','08:30:00','17:00:00','66a92164a8994','S','2','NAO','2024-07-30 14:22:44','2024-07-30 16:11:50','A'),
 (160,88,'2024-09-04','06:00:00','17:00:00','66a9217ae782e','N','2','NAO','2024-07-30 14:23:06','2024-07-30 15:22:20','A'),
 (161,74,'2024-08-29','07:30:00','17:00:00','66a9218f08b65','S','2','NAO','2024-07-30 14:23:27','2024-07-30 16:12:28','A'),
 (162,71,'2024-08-29','08:00:00','17:00:00','66a921d43b2a3','N','2','NAO','2024-07-30 14:24:36','2024-07-30 15:22:20','A'),
 (163,101,'2024-08-31','07:30:00','17:00:00','66a921e79952b','N','2','NAO','2024-07-30 14:24:55','2024-07-30 15:22:20','A'),
 (164,60,'2024-08-08','00:00:00','17:00:00','66a921f493738','N','1','NAO','2024-07-30 14:25:08','2024-07-30 15:22:20','A'),
 (165,50,'2024-08-08','00:00:00','17:00:00','66a921ff9b282','S','2','NAO','2024-07-30 14:25:19','2024-07-30 16:18:56','A'),
 (166,66,'2024-08-24','06:30:00','17:00:00','66a9221721cc5','S','2','NAO','2024-07-30 14:25:43','2024-07-30 16:16:34','A'),
 (167,33,'2024-08-08','00:00:00','17:00:00','66a9222331764','N','1','NAO','2024-07-30 14:25:55','2024-07-30 15:22:20','A'),
 (168,12,'2024-08-08','00:00:00','17:00:00','66a922345fe88','N','1','NAO','2024-07-30 14:26:12','2024-07-30 15:22:20','A'),
 (169,50,'2024-08-21','00:00:00','17:00:00','66a9224674a71','S','2','NAO','2024-07-30 14:26:30','2024-07-30 16:18:27','A'),
 (170,20,'2024-08-08','00:00:00','17:00:00','66a922526503e','N','1','NAO','2024-07-30 14:26:42','2024-07-30 15:22:20','A'),
 (171,79,'2024-08-08','00:00:00','17:00:00','66a922655fd67','N','1','NAO','2024-07-30 14:27:01','2024-07-30 15:22:20','A'),
 (172,26,'2024-08-08','00:00:00','17:00:00','66a92271de801','N','3','NAO','2024-07-30 14:27:13','2024-07-30 15:22:20','A'),
 (173,40,'2024-08-08','00:00:00','17:00:00','66a9227f42c15','N','1','NAO','2024-07-30 14:27:27','2024-07-30 15:22:20','A'),
 (174,34,'2024-08-21','00:00:00','17:00:00','66a9228e9f02a','N','1','NAO','2024-07-30 14:27:42','2024-07-30 15:22:20','A'),
 (175,42,'2024-09-07','06:30:00','17:00:00','66a9229ebb0d9','N','1','NAO','2024-07-30 14:27:58','2024-07-30 15:22:20','A'),
 (176,32,'2024-08-08','00:00:00','17:00:00','66a922b1a87eb','N','2','NAO','2024-07-30 14:28:17','2024-07-30 15:22:20','A'),
 (177,39,'2024-08-08','00:00:00','17:00:00','66a922bf785ef','N','1','NAO','2024-07-30 14:28:31','2024-07-30 15:22:20','A'),
 (178,95,'2024-08-08','00:00:00','17:00:00','66a922ccd71ae','N','2','NAO','2024-07-30 14:28:44','2024-07-30 15:22:20','A'),
 (179,25,'2024-08-08','00:00:00','17:00:00','66a922d7b9906','N','1','NAO','2024-07-30 14:28:55','2024-07-30 15:22:20','A'),
 (180,103,'2024-08-23','07:00:00','17:00:00','66a922e6f10e7','N','2','NAO','2024-07-30 14:29:10','2024-07-30 15:22:20','A'),
 (181,50,'2024-08-30','07:30:00','17:00:00','66a922f699ec9','S','2','NAO','2024-07-30 14:29:26','2024-07-30 16:17:10','A'),
 (182,52,'2025-01-13','08:00:00','17:00:00','66a9230d5676a','N','1','NAO','2024-07-30 14:29:49','2024-07-30 15:22:20','A'),
 (183,54,'2024-08-20','05:00:00','17:00:00','66a92320b3278','N','1','NAO','2024-07-30 14:30:08','2024-07-30 15:22:20','A'),
 (184,52,'2024-08-08','00:00:00','17:00:00','66a9232e4d273','N','1','NAO','2024-07-30 14:30:22','2024-07-30 15:22:20','A'),
 (185,39,'2024-08-23','08:00:00','17:00:00','66a92346b5b83','N','1','NAO','2024-07-30 14:30:46','2024-07-30 15:22:20','A');
/*!40000 ALTER TABLE `emprestimo` ENABLE KEYS */;


--
-- Definition of table `epi`
--

DROP TABLE IF EXISTS `epi`;
CREATE TABLE `epi` (
  `idepi` int(10) unsigned NOT NULL AUTO_INCREMENT,
  `nomeEpi` varchar(120) DEFAULT NULL,
  `certificado` varchar(10) DEFAULT NULL,
  `foto` varchar(245) DEFAULT NULL,
  `cadastro` datetime DEFAULT NULL,
  `alteracao` timestamp NOT NULL DEFAULT current_timestamp() ON UPDATE current_timestamp(),
  `ativo` char(1) DEFAULT 'A',
  PRIMARY KEY (`idepi`),
  UNIQUE KEY `idepi` (`idepi`)
) ENGINE=InnoDB AUTO_INCREMENT=22 DEFAULT CHARSET=utf8mb4 COLLATE=utf8mb4_general_ci;

--
-- Dumping data for table `epi`
--

/*!40000 ALTER TABLE `epi` DISABLE KEYS */;
INSERT INTO `epi` (`idepi`,`nomeEpi`,`certificado`,`foto`,`cadastro`,`alteracao`,`ativo`) VALUES 
 (1,'Capacete classe A','45414','capacete-classe-a.png','2024-07-01 13:58:30','2024-07-02 14:33:59','A'),
 (2,'Cinturão do tipo paraquedista','46159','6690108c370f1_cinturao-tipo-paraquedista.png','2024-07-01 14:06:03','2024-07-24 16:50:35','A'),
 (3,'Luva de segurança','40174','luva-de-seguranca.png','2024-07-01 14:06:03','2024-07-02 14:33:59','A'),
 (4,'Sapato de segurança sem cadarço','44350','sapato-sem-cadarco.png','2024-07-01 14:06:03','2024-07-02 14:33:59','A'),
 (16,'Avental Térmico em PVC','37999','66a7da0d35df5_avental-termico-em-pvc-rio-valley-para-media-temperatura-ate-200-antichama-ca-37999.png','2024-07-29 15:06:05','2024-07-30 09:02:25','A'),
 (17,'Botina de segurança em couro vaqueta','45611','66a7da5cc0a21_botina-de-seguranca-couro-vaqueta-marluvas-sem-bico-50b26_l11.png','2024-07-29 15:07:24','2024-07-29 15:07:24','A'),
 (18,'Japona operacional preta vertice com capuz','28733','66a7dab44eb2e_japona-operacional-preta-vertice-com-capuz-em-nylon-emborrachado-impermeavel-e-termica-ca-28729_z3.png','2024-07-29 15:08:52','2024-07-30 09:02:25','A'),
 (19,'Avental barbeiro kourion amarelo em algodão','28326','66a7db178af30_avental-barbeiro-kourion-amarelo-algodao.png','2024-07-29 15:10:31','2024-07-29 15:10:31','A'),
 (20,'Luva de algodão reciclado com latex reciflex dany','31325','66a7db6e2d1ad_1046629_luva-de-algodao-recilcado-com-latex-reciflex-danny-madeira-e-alvenaria.png','2024-07-29 15:11:58','2024-07-30 09:02:25','A'),
 (21,'Luva Hishildgrip kevlar','42750','66a7dbd0d520e_luva-hishieldgrip-kevlar-pecas-altamente-afiadas-alto-nivel-de-pega.png','2024-07-29 15:13:36','2024-07-30 09:02:25','A');
/*!40000 ALTER TABLE `epi` ENABLE KEYS */;


--
-- Definition of table `estoque`
--

DROP TABLE IF EXISTS `estoque`;
CREATE TABLE `estoque` (
  `idestoque` int(10) unsigned NOT NULL AUTO_INCREMENT,
  `idepi` int(10) unsigned NOT NULL DEFAULT 0,
  `quantidade` int(10) unsigned DEFAULT NULL,
  `disponivel` int(10) unsigned NOT NULL DEFAULT 0,
  `cadastro` datetime DEFAULT NULL,
  `alteracao` timestamp NOT NULL DEFAULT current_timestamp() ON UPDATE current_timestamp(),
  `ativo` char(1) NOT NULL DEFAULT 'A',
  PRIMARY KEY (`idestoque`,`idepi`) USING BTREE,
  UNIQUE KEY `idestoque` (`idestoque`),
  KEY `FK_estoque_epi` (`idepi`),
  CONSTRAINT `FK_estoque_epi` FOREIGN KEY (`idepi`) REFERENCES `epi` (`idepi`) ON DELETE CASCADE ON UPDATE CASCADE
) ENGINE=InnoDB AUTO_INCREMENT=16 DEFAULT CHARSET=utf8mb4 COLLATE=utf8mb4_general_ci;

--
-- Dumping data for table `estoque`
--

/*!40000 ALTER TABLE `estoque` DISABLE KEYS */;
INSERT INTO `estoque` (`idestoque`,`idepi`,`quantidade`,`disponivel`,`cadastro`,`alteracao`,`ativo`) VALUES 
 (1,1,90,48,'2024-07-05 09:55:37','2024-07-30 16:35:01','A'),
 (2,2,70,37,'2024-07-05 09:55:37','2024-07-30 16:34:13','A'),
 (3,3,90,42,'2024-07-05 09:55:37','2024-07-30 16:35:39','A'),
 (4,4,70,43,'2024-07-05 09:55:37','2024-07-30 16:29:39','A'),
 (10,16,78,63,'2024-07-29 15:06:05','2024-07-30 16:35:10','A'),
 (11,17,100,49,'2024-07-29 15:07:24','2024-07-30 16:31:19','A'),
 (12,18,100,87,'2024-07-29 15:08:52','2024-07-30 16:35:15','A'),
 (13,19,70,50,'2024-07-29 15:10:31','2024-07-30 16:27:52','A'),
 (14,20,90,47,'2024-07-29 15:11:58','2024-07-30 16:30:53','A'),
 (15,21,70,33,'2024-07-29 15:13:36','2024-07-30 16:33:45','A');
/*!40000 ALTER TABLE `estoque` ENABLE KEYS */;


--
-- Definition of table `produtoemprestimo`
--

DROP TABLE IF EXISTS `produtoemprestimo`;
CREATE TABLE `produtoemprestimo` (
  `idprodutoEmprestimo` int(10) unsigned NOT NULL AUTO_INCREMENT,
  `idepi` int(10) unsigned NOT NULL DEFAULT 0,
  `quantidade` int(10) unsigned NOT NULL DEFAULT 0,
  `codEmprestimo` varchar(25) NOT NULL,
  `devolucao` char(1) NOT NULL DEFAULT 'N',
  `cadastro` datetime NOT NULL,
  `alteracao` timestamp NOT NULL DEFAULT current_timestamp() ON UPDATE current_timestamp(),
  `ativo` char(1) NOT NULL DEFAULT 'A',
  PRIMARY KEY (`idprodutoEmprestimo`,`idepi`) USING BTREE,
  KEY `FK_produtoemprestimo_epi` (`idepi`),
  CONSTRAINT `FK_produtoemprestimo_epi` FOREIGN KEY (`idepi`) REFERENCES `epi` (`idepi`)
) ENGINE=InnoDB AUTO_INCREMENT=421 DEFAULT CHARSET=utf8mb4 COLLATE=utf8mb4_general_ci;

--
-- Dumping data for table `produtoemprestimo`
--

/*!40000 ALTER TABLE `produtoemprestimo` DISABLE KEYS */;
INSERT INTO `produtoemprestimo` (`idprodutoEmprestimo`,`idepi`,`quantidade`,`codEmprestimo`,`devolucao`,`cadastro`,`alteracao`,`ativo`) VALUES 
 (1,1,2,'668be6995757f','S','2024-07-08 10:16:09','2024-07-25 15:02:07','A'),
 (2,2,1,'668be6995757f','S','2024-07-08 10:16:09','2024-07-25 15:01:57','A'),
 (3,4,3,'668be6995757f','S','2024-07-08 10:16:09','2024-07-25 15:02:02','A'),
 (4,3,6,'668c1918348b2','N','2024-07-08 13:51:36','2024-07-08 13:51:36','A'),
 (5,4,3,'668c226422cdb','S','2024-07-08 14:31:16','2024-07-25 14:22:31','A'),
 (6,2,1,'669feb82f020f','S','2024-07-23 14:42:26','2024-07-25 14:20:05','A'),
 (7,3,2,'669feb82f020f','S','2024-07-23 14:42:26','2024-07-25 16:03:07','A'),
 (8,4,2,'669feb82f020f','S','2024-07-23 14:42:26','2024-07-25 14:19:51','A'),
 (9,1,1,'66a28e72468fa','N','2024-07-25 14:42:10','2024-07-25 14:42:10','A'),
 (10,1,1,'66a28f1079500','S','2024-07-25 14:44:48','2024-07-29 08:38:03','A'),
 (11,4,1,'66a28f1079500','S','2024-07-25 14:44:48','2024-07-29 08:39:20','A'),
 (14,4,1,'66a78f004e023','S','2024-07-29 09:45:52','2024-07-30 16:08:23','A'),
 (15,3,2,'66a78f004e023','S','2024-07-29 09:45:52','2024-07-30 16:08:16','A'),
 (16,3,1,'66a7f07dc51cb','N','2024-07-29 16:41:49','2024-07-29 16:41:49','A'),
 (17,2,1,'66a7f07dc51cb','N','2024-07-29 16:41:49','2024-07-29 16:41:49','A'),
 (18,1,1,'66a7f07dc51cb','N','2024-07-29 16:41:49','2024-07-29 16:41:49','A'),
 (19,16,1,'66a7f15b36be4','N','2024-07-29 16:45:31','2024-07-29 16:45:31','A'),
 (20,20,1,'66a7f15b36be4','N','2024-07-29 16:45:31','2024-07-29 16:45:31','A'),
 (21,21,1,'66a7f15b36be4','N','2024-07-29 16:45:31','2024-07-29 16:45:31','A'),
 (22,19,1,'66a7f15b36be4','N','2024-07-29 16:45:31','2024-07-29 16:45:31','A'),
 (23,18,1,'66a7f16689a5f','N','2024-07-29 16:45:42','2024-07-29 16:45:42','A'),
 (24,19,1,'66a7f16689a5f','N','2024-07-29 16:45:42','2024-07-29 16:45:42','A'),
 (25,4,1,'66a7f2269ab40','N','2024-07-29 16:48:54','2024-07-29 16:48:54','A'),
 (26,21,1,'66a7f2269ab40','N','2024-07-29 16:48:54','2024-07-29 16:48:54','A'),
 (27,20,1,'66a7f2269ab40','N','2024-07-29 16:48:54','2024-07-29 16:48:54','A'),
 (28,17,1,'66a7f2269ab40','N','2024-07-29 16:48:54','2024-07-29 16:48:54','A'),
 (29,20,1,'66a7f239c4dc5','N','2024-07-29 16:49:13','2024-07-29 16:49:13','A'),
 (30,16,1,'66a7f239c4dc5','N','2024-07-29 16:49:13','2024-07-29 16:49:13','A'),
 (31,19,1,'66a7f239c4dc5','N','2024-07-29 16:49:13','2024-07-29 16:49:13','A'),
 (32,4,1,'66a7f239c4dc5','N','2024-07-29 16:49:13','2024-07-29 16:49:14','A'),
 (33,20,1,'66a7f24c6fb1d','S','2024-07-29 16:49:32','2024-07-30 16:30:11','A'),
 (34,18,1,'66a7f271a55d8','S','2024-07-29 16:50:09','2024-07-30 16:35:15','A'),
 (35,16,1,'66a7f271a55d8','S','2024-07-29 16:50:09','2024-07-30 16:35:10','A'),
 (36,1,1,'66a7f271a55d8','S','2024-07-29 16:50:09','2024-07-30 16:35:01','A'),
 (37,21,1,'66a7f27cdb42c','N','2024-07-29 16:50:20','2024-07-29 16:50:20','A'),
 (38,1,1,'66a7f285309c9','N','2024-07-29 16:50:29','2024-07-29 16:50:29','A'),
 (39,4,1,'66a7f28c2ec84','N','2024-07-29 16:50:36','2024-07-29 16:50:36','A'),
 (40,3,1,'66a8e8a92e183','N','2024-07-30 10:20:41','2024-07-30 10:20:41','A'),
 (41,19,1,'66a8e8bbb0232','N','2024-07-30 10:20:59','2024-07-30 10:20:59','A'),
 (42,18,1,'66a8e8ca84659','S','2024-07-30 10:21:14','2024-07-30 16:03:51','A'),
 (43,17,1,'66a8e94e91288','S','2024-07-30 10:23:26','2024-07-30 16:31:19','A'),
 (44,21,1,'66a8e94e91288','S','2024-07-30 10:23:26','2024-07-30 16:31:24','A'),
 (45,20,1,'66a8e96326eda','N','2024-07-30 10:23:47','2024-07-30 10:23:47','A'),
 (46,16,1,'66a8e98e8a770','S','2024-07-30 10:24:30','2024-07-30 16:34:39','A'),
 (47,17,1,'66a8e9c3d8b43','N','2024-07-30 10:25:23','2024-07-30 10:25:23','A'),
 (48,17,1,'66a8ea151c95d','N','2024-07-30 10:26:45','2024-07-30 10:26:45','A'),
 (49,21,1,'66a8ea151c95d','N','2024-07-30 10:26:45','2024-07-30 10:26:45','A'),
 (50,18,1,'66a8ea151c95d','N','2024-07-30 10:26:45','2024-07-30 10:26:45','A'),
 (51,3,1,'66a8ea26b733d','N','2024-07-30 10:27:02','2024-07-30 10:27:02','A'),
 (52,19,1,'66a8ea26b733d','N','2024-07-30 10:27:02','2024-07-30 10:27:02','A'),
 (53,20,1,'66a8eae99f628','S','2024-07-30 10:30:17','2024-07-30 16:30:53','A'),
 (54,1,1,'66a8eae99f628','S','2024-07-30 10:30:17','2024-07-30 16:30:40','A'),
 (55,2,1,'66a8eae99f628','S','2024-07-30 10:30:17','2024-07-30 16:30:46','A'),
 (56,3,1,'66a8eb573b1a9','S','2024-07-30 10:32:07','2024-07-30 16:35:39','A'),
 (57,4,1,'66a8eb65a8ca8','N','2024-07-30 10:32:21','2024-07-30 10:32:21','A'),
 (58,2,1,'66a8eec092b96','N','2024-07-30 10:46:40','2024-07-30 10:46:40','A'),
 (59,1,1,'66a8eec092b96','N','2024-07-30 10:46:40','2024-07-30 10:46:40','A'),
 (60,3,1,'66a8eec092b96','N','2024-07-30 10:46:40','2024-07-30 10:46:40','A'),
 (61,17,1,'66a8eee29de6d','N','2024-07-30 10:47:14','2024-07-30 10:47:14','A'),
 (62,20,1,'66a8eee29de6d','N','2024-07-30 10:47:14','2024-07-30 10:47:14','A'),
 (63,16,1,'66a8eee29de6d','N','2024-07-30 10:47:14','2024-07-30 10:47:14','A'),
 (64,19,1,'66a8ef0460ffd','N','2024-07-30 10:47:48','2024-07-30 10:47:48','A'),
 (65,21,1,'66a8ef0460ffd','N','2024-07-30 10:47:48','2024-07-30 10:47:48','A'),
 (66,1,1,'66a8ef17412da','N','2024-07-30 10:48:07','2024-07-30 10:48:07','A'),
 (67,4,1,'66a8ef17412da','N','2024-07-30 10:48:07','2024-07-30 10:48:07','A'),
 (68,19,1,'66a8ef17412da','N','2024-07-30 10:48:07','2024-07-30 10:48:07','A'),
 (69,1,1,'66a8ef2831177','S','2024-07-30 10:48:24','2024-07-30 16:29:03','A'),
 (70,18,1,'66a8ef2831177','S','2024-07-30 10:48:24','2024-07-30 16:29:11','A'),
 (71,1,1,'66a8ef3b9c561','S','2024-07-30 10:48:43','2024-07-30 16:33:34','A'),
 (72,2,1,'66a8ef3b9c561','S','2024-07-30 10:48:43','2024-07-30 16:33:39','A'),
 (73,21,1,'66a8ef3b9c561','S','2024-07-30 10:48:43','2024-07-30 16:33:45','A'),
 (74,20,1,'66a8ef5285b35','N','2024-07-30 10:49:06','2024-07-30 10:49:06','A'),
 (75,17,1,'66a8ef5285b35','N','2024-07-30 10:49:06','2024-07-30 10:49:06','A'),
 (76,19,1,'66a8ef5285b35','N','2024-07-30 10:49:06','2024-07-30 10:49:06','A'),
 (77,21,1,'66a8ef716026e','N','2024-07-30 10:49:37','2024-07-30 10:49:37','A'),
 (78,17,1,'66a8ef716026e','N','2024-07-30 10:49:37','2024-07-30 10:49:37','A'),
 (79,2,1,'66a8ef716026e','N','2024-07-30 10:49:37','2024-07-30 10:49:37','A'),
 (80,20,1,'66a8ef8ba2841','N','2024-07-30 10:50:03','2024-07-30 10:50:03','A'),
 (81,4,1,'66a8ef8ba2841','N','2024-07-30 10:50:03','2024-07-30 10:50:03','A'),
 (82,1,1,'66a8efb5d1ac0','N','2024-07-30 10:50:45','2024-07-30 10:50:45','A'),
 (83,17,1,'66a8efb5d1ac0','N','2024-07-30 10:50:45','2024-07-30 10:50:45','A'),
 (84,2,1,'66a8efcbcf981','N','2024-07-30 10:51:07','2024-07-30 10:51:07','A'),
 (85,3,1,'66a8efcbcf981','N','2024-07-30 10:51:07','2024-07-30 10:51:07','A'),
 (86,4,1,'66a8efcbcf981','N','2024-07-30 10:51:07','2024-07-30 10:51:07','A'),
 (87,17,1,'66a8eff3a8731','S','2024-07-30 10:51:47','2024-07-30 16:27:58','A'),
 (88,21,1,'66a8eff3a8731','S','2024-07-30 10:51:47','2024-07-30 16:28:04','A'),
 (89,19,1,'66a8eff3a8731','S','2024-07-30 10:51:47','2024-07-30 16:27:52','A'),
 (90,1,1,'66a8f3089de3d','S','2024-07-30 11:04:56','2024-07-30 16:21:57','A'),
 (91,2,1,'66a8f3089de3d','S','2024-07-30 11:04:56','2024-07-30 16:22:03','A'),
 (92,21,1,'66a8f3089de3d','S','2024-07-30 11:04:56','2024-07-30 16:22:35','A'),
 (93,3,1,'66a914c839438','N','2024-07-30 13:28:56','2024-07-30 13:28:56','A'),
 (94,2,1,'66a914c839438','N','2024-07-30 13:28:56','2024-07-30 13:28:56','A'),
 (95,17,1,'66a9154f153df','N','2024-07-30 13:31:11','2024-07-30 13:31:11','A'),
 (96,18,1,'66a9154f153df','N','2024-07-30 13:31:11','2024-07-30 13:31:11','A'),
 (97,2,1,'66a9158076a4c','N','2024-07-30 13:32:00','2024-07-30 13:32:00','A'),
 (98,3,1,'66a9159ab7c4b','S','2024-07-30 13:32:26','2024-07-30 16:13:25','A'),
 (99,4,1,'66a9159ab7c4b','S','2024-07-30 13:32:26','2024-07-30 16:13:31','A'),
 (100,20,1,'66a915b2c1437','N','2024-07-30 13:32:50','2024-07-30 13:32:50','A'),
 (101,21,1,'66a915b2c1437','N','2024-07-30 13:32:50','2024-07-30 13:32:50','A'),
 (102,3,1,'66a915b2c1437','N','2024-07-30 13:32:50','2024-07-30 13:32:50','A'),
 (103,18,1,'66a915c66a187','S','2024-07-30 13:33:10','2024-07-30 16:05:35','A'),
 (104,17,1,'66a915c66a187','S','2024-07-30 13:33:10','2024-07-30 16:05:41','A'),
 (105,16,1,'66a915dd4f185','N','2024-07-30 13:33:33','2024-07-30 13:33:33','A'),
 (106,18,1,'66a915dd4f185','N','2024-07-30 13:33:33','2024-07-30 13:33:33','A'),
 (107,1,1,'66a91607835d8','N','2024-07-30 13:34:15','2024-07-30 13:34:15','A'),
 (108,2,1,'66a91607835d8','N','2024-07-30 13:34:15','2024-07-30 13:34:15','A'),
 (109,4,1,'66a9162084d7d','S','2024-07-30 13:34:40','2024-07-30 16:19:22','A'),
 (110,17,1,'66a9162084d7d','S','2024-07-30 13:34:40','2024-07-30 16:19:32','A'),
 (111,1,1,'66a9163707fe4','N','2024-07-30 13:35:03','2024-07-30 13:35:03','A'),
 (112,2,1,'66a9163707fe4','N','2024-07-30 13:35:03','2024-07-30 13:35:03','A'),
 (113,3,1,'66a91654effc8','N','2024-07-30 13:35:32','2024-07-30 13:35:33','A'),
 (114,2,1,'66a91654effc8','N','2024-07-30 13:35:32','2024-07-30 13:35:33','A'),
 (115,17,1,'66a9168da02ac','N','2024-07-30 13:36:29','2024-07-30 13:36:29','A'),
 (116,4,1,'66a9168da02ac','N','2024-07-30 13:36:29','2024-07-30 13:36:29','A'),
 (117,18,1,'66a916b554511','S','2024-07-30 13:37:09','2024-07-30 16:14:38','A'),
 (118,19,1,'66a916b554511','S','2024-07-30 13:37:09','2024-07-30 16:14:45','A'),
 (119,18,1,'66a916d54e221','N','2024-07-30 13:37:41','2024-07-30 13:37:41','A'),
 (120,17,1,'66a916d54e221','N','2024-07-30 13:37:41','2024-07-30 13:37:41','A'),
 (121,17,1,'66a916ea85d37','N','2024-07-30 13:38:02','2024-07-30 13:38:02','A'),
 (122,18,1,'66a916ea85d37','N','2024-07-30 13:38:02','2024-07-30 13:38:02','A'),
 (123,2,1,'66a91700cb64f','N','2024-07-30 13:38:24','2024-07-30 13:38:24','A'),
 (124,17,1,'66a91700cb64f','N','2024-07-30 13:38:24','2024-07-30 13:38:24','A'),
 (125,1,1,'66a9171b9cbf6','N','2024-07-30 13:38:51','2024-07-30 13:38:51','A'),
 (126,16,1,'66a9171b9cbf6','N','2024-07-30 13:38:51','2024-07-30 13:38:51','A'),
 (127,18,2,'66a91763479e2','S','2024-07-30 13:40:03','2024-07-30 16:08:46','A'),
 (128,19,2,'66a91763479e2','S','2024-07-30 13:40:03','2024-07-30 16:08:52','A'),
 (129,1,1,'66a91771c638f','N','2024-07-30 13:40:17','2024-07-30 13:40:17','A'),
 (130,16,1,'66a91771c638f','N','2024-07-30 13:40:17','2024-07-30 13:40:17','A'),
 (131,18,1,'66a9178bf19dd','S','2024-07-30 13:40:43','2024-07-30 16:20:08','A'),
 (132,4,1,'66a9178bf19dd','S','2024-07-30 13:40:43','2024-07-30 16:20:02','A'),
 (133,3,1,'66a9179890f2a','N','2024-07-30 13:40:56','2024-07-30 13:40:56','A'),
 (134,17,1,'66a917ae092f5','N','2024-07-30 13:41:18','2024-07-30 13:41:18','A'),
 (135,18,1,'66a917ae092f5','N','2024-07-30 13:41:18','2024-07-30 13:41:18','A'),
 (136,2,1,'66a917c38a1a4','N','2024-07-30 13:41:39','2024-07-30 13:41:39','A'),
 (137,3,1,'66a917c38a1a4','N','2024-07-30 13:41:39','2024-07-30 13:41:39','A'),
 (138,2,1,'66a917d695b8c','N','2024-07-30 13:41:58','2024-07-30 13:41:58','A'),
 (139,4,1,'66a917d695b8c','N','2024-07-30 13:41:58','2024-07-30 13:41:58','A'),
 (140,19,1,'66a917fb8e2c9','N','2024-07-30 13:42:35','2024-07-30 13:42:35','A'),
 (141,21,1,'66a917fb8e2c9','N','2024-07-30 13:42:35','2024-07-30 13:42:35','A'),
 (142,2,1,'66a9180680354','N','2024-07-30 13:42:46','2024-07-30 16:30:21','A'),
 (143,17,1,'66a9181c5c51c','N','2024-07-30 13:43:08','2024-07-30 13:43:08','A'),
 (144,18,1,'66a9181c5c51c','N','2024-07-30 13:43:08','2024-07-30 13:43:08','A'),
 (145,4,1,'66a9181c5c51c','N','2024-07-30 13:43:08','2024-07-30 13:43:08','A'),
 (146,3,1,'66a9181c5c51c','N','2024-07-30 13:43:08','2024-07-30 13:43:08','A'),
 (147,1,1,'66a918315f923','N','2024-07-30 13:43:29','2024-07-30 13:43:29','A'),
 (148,2,1,'66a918315f923','N','2024-07-30 13:43:29','2024-07-30 13:43:29','A'),
 (149,18,1,'66a91848ac281','N','2024-07-30 13:43:52','2024-07-30 13:43:52','A'),
 (150,17,1,'66a91848ac281','N','2024-07-30 13:43:52','2024-07-30 13:43:52','A'),
 (151,1,1,'66a9186499c69','N','2024-07-30 13:44:20','2024-07-30 13:44:20','A'),
 (152,17,1,'66a9186499c69','N','2024-07-30 13:44:20','2024-07-30 13:44:20','A'),
 (153,2,1,'66a9188ca145a','N','2024-07-30 13:45:00','2024-07-30 13:45:00','A'),
 (154,3,1,'66a9188ca145a','N','2024-07-30 13:45:00','2024-07-30 13:45:00','A'),
 (155,17,1,'66a918a661c18','N','2024-07-30 13:45:26','2024-07-30 13:45:26','A'),
 (156,18,1,'66a918a661c18','N','2024-07-30 13:45:26','2024-07-30 13:45:26','A'),
 (157,3,1,'66a918c5c2d77','N','2024-07-30 13:45:57','2024-07-30 13:45:57','A'),
 (158,20,1,'66a918c5c2d77','N','2024-07-30 13:45:57','2024-07-30 13:45:57','A'),
 (159,4,1,'66a918e3c055c','S','2024-07-30 13:46:27','2024-07-30 16:29:39','A'),
 (160,3,1,'66a918e3c055c','S','2024-07-30 13:46:27','2024-07-30 16:29:33','A'),
 (161,1,1,'66a918f134ddd','S','2024-07-30 13:46:41','2024-07-30 16:07:52','A'),
 (162,2,1,'66a919013e958','N','2024-07-30 13:46:57','2024-07-30 13:46:57','A'),
 (163,3,1,'66a91913d3f84','N','2024-07-30 13:47:15','2024-07-30 13:47:15','A'),
 (164,4,1,'66a919294b469','N','2024-07-30 13:47:37','2024-07-30 13:47:37','A'),
 (165,16,1,'66a9193e03388','N','2024-07-30 13:47:58','2024-07-30 13:47:58','A'),
 (166,17,1,'66a91960c8109','N','2024-07-30 13:48:32','2024-07-30 13:48:32','A'),
 (167,18,1,'66a919734500f','N','2024-07-30 13:48:51','2024-07-30 13:48:51','A'),
 (168,19,1,'66a919820ae12','N','2024-07-30 13:49:06','2024-07-30 13:49:06','A'),
 (169,20,1,'66a9198d30d39','N','2024-07-30 13:49:17','2024-07-30 13:49:17','A'),
 (170,21,1,'66a919a011e68','S','2024-07-30 13:49:36','2024-07-30 16:21:26','A'),
 (171,18,1,'66a919b03dee3','S','2024-07-30 13:49:52','2024-07-30 16:20:55','A'),
 (172,19,1,'66a919b03dee3','S','2024-07-30 13:49:52','2024-07-30 16:21:01','A'),
 (173,1,1,'66a919c572812','N','2024-07-30 13:50:13','2024-07-30 13:50:13','A'),
 (174,21,1,'66a919c572812','N','2024-07-30 13:50:13','2024-07-30 13:50:13','A'),
 (175,20,1,'66a919c572812','N','2024-07-30 13:50:13','2024-07-30 13:50:13','A'),
 (176,3,1,'66a919f5ebda5','N','2024-07-30 13:51:01','2024-07-30 13:51:02','A'),
 (177,4,1,'66a919f5ebda5','N','2024-07-30 13:51:01','2024-07-30 13:51:02','A'),
 (178,17,1,'66a91a04a65dd','N','2024-07-30 13:51:16','2024-07-30 13:51:16','A'),
 (179,18,1,'66a91a04a65dd','N','2024-07-30 13:51:16','2024-07-30 13:51:16','A'),
 (180,21,1,'66a91a1c4561e','N','2024-07-30 13:51:40','2024-07-30 13:51:40','A'),
 (181,20,1,'66a91a1c4561e','N','2024-07-30 13:51:40','2024-07-30 13:51:40','A'),
 (182,2,1,'66a91a2c2d72b','N','2024-07-30 13:51:56','2024-07-30 13:51:56','A'),
 (183,1,1,'66a91a2c2d72b','N','2024-07-30 13:51:56','2024-07-30 13:51:56','A'),
 (184,18,1,'66a91a437009a','S','2024-07-30 13:52:19','2024-07-30 16:25:22','A'),
 (185,19,1,'66a91a437009a','S','2024-07-30 13:52:19','2024-07-30 16:25:28','A'),
 (186,21,1,'66a91a63508f0','S','2024-07-30 13:52:51','2024-07-30 16:23:36','A'),
 (187,20,1,'66a91a63508f0','S','2024-07-30 13:52:51','2024-07-30 16:23:31','A'),
 (188,19,1,'66a91a63508f0','S','2024-07-30 13:52:51','2024-07-30 16:23:25','A'),
 (189,1,1,'66a91a7691b98','S','2024-07-30 13:53:10','2024-07-30 16:34:07','A'),
 (190,2,1,'66a91a7691b98','S','2024-07-30 13:53:10','2024-07-30 16:34:13','A'),
 (191,4,1,'66a91a8c07021','N','2024-07-30 13:53:32','2024-07-30 13:53:32','A'),
 (192,3,1,'66a91a8c07021','N','2024-07-30 13:53:32','2024-07-30 13:53:32','A'),
 (193,19,1,'66a91aa213542','N','2024-07-30 13:53:54','2024-07-30 13:53:54','A'),
 (194,17,1,'66a91aa213542','N','2024-07-30 13:53:54','2024-07-30 13:53:54','A'),
 (195,16,1,'66a91aa213542','N','2024-07-30 13:53:54','2024-07-30 13:53:54','A'),
 (196,3,1,'66a91ab232ec9','N','2024-07-30 13:54:10','2024-07-30 13:54:10','A'),
 (197,4,1,'66a91ab232ec9','N','2024-07-30 13:54:10','2024-07-30 13:54:10','A'),
 (198,21,1,'66a91ab232ec9','N','2024-07-30 13:54:10','2024-07-30 13:54:10','A'),
 (199,17,1,'66a91acc03caf','N','2024-07-30 13:54:36','2024-07-30 13:54:36','A'),
 (200,18,1,'66a91acc03caf','N','2024-07-30 13:54:36','2024-07-30 13:54:36','A'),
 (201,17,1,'66a91aee0e8f3','N','2024-07-30 13:55:10','2024-07-30 13:55:10','A'),
 (202,20,1,'66a91aee0e8f3','N','2024-07-30 13:55:10','2024-07-30 13:55:10','A'),
 (203,18,1,'66a91b7ee7d7f','S','2024-07-30 13:57:34','2024-07-30 16:17:29','A'),
 (204,19,1,'66a91b7ee7d7f','S','2024-07-30 13:57:34','2024-07-30 16:17:35','A'),
 (205,3,1,'66a91b900bf70','N','2024-07-30 13:57:52','2024-07-30 13:57:52','A'),
 (206,2,1,'66a91b900bf70','N','2024-07-30 13:57:52','2024-07-30 13:57:52','A'),
 (207,17,1,'66a91bb2bc376','S','2024-07-30 13:58:26','2024-07-30 16:15:14','A'),
 (208,19,1,'66a91bb2bc376','S','2024-07-30 13:58:26','2024-07-30 16:15:20','A'),
 (209,16,1,'66a91bb2bc376','S','2024-07-30 13:58:26','2024-07-30 16:15:09','A'),
 (210,19,1,'66a91bcb2da34','N','2024-07-30 13:58:51','2024-07-30 13:58:51','A'),
 (211,20,1,'66a91bcb2da34','N','2024-07-30 13:58:51','2024-07-30 13:58:51','A'),
 (212,19,1,'66a91bed51586','N','2024-07-30 13:59:25','2024-07-30 13:59:25','A'),
 (213,20,1,'66a91bed51586','N','2024-07-30 13:59:25','2024-07-30 13:59:25','A'),
 (214,17,1,'66a91bed51586','N','2024-07-30 13:59:25','2024-07-30 13:59:25','A'),
 (215,1,1,'66a91c3485898','S','2024-07-30 14:00:36','2024-07-30 16:06:20','A'),
 (216,3,1,'66a91c3485898','S','2024-07-30 14:00:36','2024-07-30 16:06:27','A'),
 (217,17,1,'66a91c3485898','S','2024-07-30 14:00:36','2024-07-30 16:06:32','A'),
 (218,19,1,'66a91c495addf','N','2024-07-30 14:00:57','2024-07-30 14:00:57','A'),
 (219,20,1,'66a91c495addf','N','2024-07-30 14:00:57','2024-07-30 14:00:57','A'),
 (220,21,1,'66a91c495addf','N','2024-07-30 14:00:57','2024-07-30 14:00:57','A'),
 (221,2,1,'66a91c56af41b','N','2024-07-30 14:01:10','2024-07-30 14:01:10','A'),
 (222,3,1,'66a91c56af41b','N','2024-07-30 14:01:10','2024-07-30 14:01:10','A'),
 (223,3,1,'66a91c6d2365a','N','2024-07-30 14:01:33','2024-07-30 14:01:33','A'),
 (224,1,1,'66a91c6d2365a','N','2024-07-30 14:01:33','2024-07-30 14:01:33','A'),
 (225,17,1,'66a91c988bf02','N','2024-07-30 14:02:16','2024-07-30 14:02:16','A'),
 (226,20,1,'66a91c988bf02','N','2024-07-30 14:02:16','2024-07-30 14:02:16','A'),
 (227,20,1,'66a91cb2bbada','S','2024-07-30 14:02:42','2024-07-30 16:10:34','A'),
 (228,17,1,'66a91cb2bbada','S','2024-07-30 14:02:42','2024-07-30 16:10:26','A'),
 (229,21,1,'66a91cb2bbada','S','2024-07-30 14:02:42','2024-07-30 16:10:40','A'),
 (230,1,1,'66a91cb2bbada','S','2024-07-30 14:02:42','2024-07-30 16:10:20','A'),
 (231,2,1,'66a91cc84c1d1','N','2024-07-30 14:03:04','2024-07-30 14:03:04','A'),
 (232,3,1,'66a91cc84c1d1','N','2024-07-30 14:03:04','2024-07-30 14:03:04','A'),
 (233,19,1,'66a91cc84c1d1','N','2024-07-30 14:03:04','2024-07-30 14:03:04','A'),
 (234,17,1,'66a91cdaa772c','N','2024-07-30 14:03:22','2024-07-30 14:03:22','A'),
 (235,19,1,'66a91cdaa772c','N','2024-07-30 14:03:22','2024-07-30 14:03:22','A'),
 (236,3,1,'66a91cdaa772c','N','2024-07-30 14:03:22','2024-07-30 14:03:22','A'),
 (237,17,1,'66a91cee28c85','N','2024-07-30 14:03:42','2024-07-30 14:03:42','A'),
 (238,20,1,'66a91cee28c85','N','2024-07-30 14:03:42','2024-07-30 14:03:42','A'),
 (239,20,1,'66a91d0186b42','N','2024-07-30 14:04:01','2024-07-30 14:04:01','A'),
 (240,17,1,'66a91d0186b42','N','2024-07-30 14:04:01','2024-07-30 14:04:01','A'),
 (241,19,1,'66a91d18a0078','N','2024-07-30 14:04:24','2024-07-30 14:04:24','A'),
 (242,16,1,'66a91d18a0078','N','2024-07-30 14:04:24','2024-07-30 14:04:24','A'),
 (243,4,1,'66a91d18a0078','N','2024-07-30 14:04:24','2024-07-30 14:04:25','A'),
 (244,20,1,'66a91d3249751','N','2024-07-30 14:04:50','2024-07-30 14:04:50','A'),
 (245,21,1,'66a91d3249751','N','2024-07-30 14:04:50','2024-07-30 14:04:50','A'),
 (246,17,1,'66a91d3249751','N','2024-07-30 14:04:50','2024-07-30 14:04:50','A'),
 (247,3,1,'66a91db22e2eb','N','2024-07-30 14:06:58','2024-07-30 14:06:58','A'),
 (248,2,1,'66a91db22e2eb','N','2024-07-30 14:06:58','2024-07-30 14:06:58','A'),
 (249,17,1,'66a91db22e2eb','N','2024-07-30 14:06:58','2024-07-30 14:06:58','A'),
 (250,3,1,'66a91dcd8f0f2','N','2024-07-30 14:07:25','2024-07-30 14:07:25','A'),
 (251,4,1,'66a91dcd8f0f2','N','2024-07-30 14:07:25','2024-07-30 14:07:25','A'),
 (252,19,1,'66a91deb6c17c','N','2024-07-30 14:07:55','2024-07-30 14:07:55','A'),
 (253,16,1,'66a91deb6c17c','N','2024-07-30 14:07:55','2024-07-30 14:07:55','A'),
 (254,4,1,'66a91deb6c17c','N','2024-07-30 14:07:55','2024-07-30 14:07:55','A'),
 (255,4,1,'66a91e0d74eca','N','2024-07-30 14:08:29','2024-07-30 14:08:29','A'),
 (256,19,1,'66a91e0d74eca','N','2024-07-30 14:08:29','2024-07-30 14:08:29','A'),
 (257,16,1,'66a91e0d74eca','N','2024-07-30 14:08:29','2024-07-30 14:08:29','A'),
 (258,19,1,'66a91e22ee30d','N','2024-07-30 14:08:50','2024-07-30 14:08:51','A'),
 (259,16,1,'66a91e22ee30d','N','2024-07-30 14:08:50','2024-07-30 14:08:51','A'),
 (260,4,1,'66a91e22ee30d','N','2024-07-30 14:08:50','2024-07-30 14:08:51','A'),
 (261,4,1,'66a91e3c07a6b','S','2024-07-30 14:09:16','2024-07-30 16:00:18','A'),
 (262,16,1,'66a91e3c07a6b','S','2024-07-30 14:09:16','2024-07-30 16:00:22','A'),
 (263,2,1,'66a91e3c07a6b','S','2024-07-30 14:09:16','2024-07-30 16:00:31','A'),
 (264,4,1,'66a91e5ad0a9c','N','2024-07-30 14:09:46','2024-07-30 14:09:46','A'),
 (265,16,1,'66a91e5ad0a9c','N','2024-07-30 14:09:46','2024-07-30 14:09:46','A'),
 (266,3,1,'66a91e72536cd','S','2024-07-30 14:10:10','2024-07-30 16:11:07','A'),
 (267,4,1,'66a91e72536cd','S','2024-07-30 14:10:10','2024-07-30 16:11:13','A'),
 (268,16,1,'66a91e72536cd','S','2024-07-30 14:10:10','2024-07-30 16:11:19','A'),
 (269,4,1,'66a91eaaf008a','N','2024-07-30 14:11:06','2024-07-30 14:11:07','A'),
 (270,2,1,'66a91eaaf008a','N','2024-07-30 14:11:06','2024-07-30 14:11:07','A'),
 (271,16,1,'66a91eaaf008a','N','2024-07-30 14:11:06','2024-07-30 14:11:07','A'),
 (272,3,1,'66a91ec943b7d','N','2024-07-30 14:11:37','2024-07-30 14:11:37','A'),
 (273,16,1,'66a91ec943b7d','N','2024-07-30 14:11:37','2024-07-30 14:11:37','A'),
 (274,16,1,'66a91edfe34c2','N','2024-07-30 14:11:59','2024-07-30 14:12:00','A'),
 (275,2,1,'66a91edfe34c2','N','2024-07-30 14:11:59','2024-07-30 14:12:00','A'),
 (276,17,1,'66a91ef678884','N','2024-07-30 14:12:22','2024-07-30 14:12:22','A'),
 (277,3,1,'66a91ef678884','N','2024-07-30 14:12:22','2024-07-30 14:12:22','A'),
 (278,2,1,'66a91ef678884','N','2024-07-30 14:12:22','2024-07-30 14:12:22','A'),
 (279,2,1,'66a91f073188a','N','2024-07-30 14:12:39','2024-07-30 14:12:39','A'),
 (280,3,1,'66a91f073188a','N','2024-07-30 14:12:39','2024-07-30 14:12:39','A'),
 (281,1,1,'66a91f1d18fa5','N','2024-07-30 14:13:01','2024-07-30 14:13:01','A'),
 (282,3,1,'66a91f1d18fa5','N','2024-07-30 14:13:01','2024-07-30 14:13:01','A'),
 (283,2,1,'66a91f1d18fa5','N','2024-07-30 14:13:01','2024-07-30 14:13:01','A'),
 (284,2,1,'66a91f35ab235','S','2024-07-30 14:13:25','2024-07-30 16:03:16','A'),
 (285,3,1,'66a91f35ab235','S','2024-07-30 14:13:25','2024-07-30 16:03:09','A'),
 (286,1,1,'66a91f52f1d48','N','2024-07-30 14:13:54','2024-07-30 14:13:55','A'),
 (287,2,1,'66a91f52f1d48','N','2024-07-30 14:13:54','2024-07-30 14:13:55','A'),
 (288,3,1,'66a91f52f1d48','N','2024-07-30 14:13:54','2024-07-30 14:13:55','A'),
 (289,2,1,'66a91f64b1476','N','2024-07-30 14:14:12','2024-07-30 14:14:12','A'),
 (290,3,1,'66a91f64b1476','N','2024-07-30 14:14:12','2024-07-30 14:14:12','A'),
 (291,2,1,'66a91f7e21455','N','2024-07-30 14:14:38','2024-07-30 14:14:38','A'),
 (292,3,1,'66a91f7e21455','N','2024-07-30 14:14:38','2024-07-30 14:14:38','A'),
 (293,2,1,'66a91f9463f06','S','2024-07-30 14:15:00','2024-07-30 16:28:34','A'),
 (294,3,1,'66a91f9463f06','S','2024-07-30 14:15:00','2024-07-30 16:28:40','A'),
 (295,3,1,'66a91fa7148e5','N','2024-07-30 14:15:19','2024-07-30 14:15:19','A'),
 (296,17,1,'66a91fa7148e5','N','2024-07-30 14:15:19','2024-07-30 14:15:19','A'),
 (297,20,1,'66a91fa7148e5','N','2024-07-30 14:15:19','2024-07-30 14:15:19','A'),
 (298,1,1,'66a91fb968cb2','N','2024-07-30 14:15:37','2024-07-30 14:15:37','A'),
 (299,17,1,'66a91fb968cb2','N','2024-07-30 14:15:37','2024-07-30 14:15:37','A'),
 (300,20,1,'66a91fb968cb2','N','2024-07-30 14:15:37','2024-07-30 14:15:37','A'),
 (301,17,1,'66a91fd22dd5e','N','2024-07-30 14:16:02','2024-07-30 14:16:02','A'),
 (302,20,1,'66a91fd22dd5e','N','2024-07-30 14:16:02','2024-07-30 14:16:02','A'),
 (303,3,1,'66a91fd22dd5e','N','2024-07-30 14:16:02','2024-07-30 14:16:02','A'),
 (304,3,1,'66a91fe9b5972','N','2024-07-30 14:16:25','2024-07-30 14:16:25','A'),
 (305,21,1,'66a91fe9b5972','N','2024-07-30 14:16:25','2024-07-30 14:16:25','A'),
 (306,1,1,'66a91fe9b5972','N','2024-07-30 14:16:25','2024-07-30 14:16:25','A'),
 (307,1,1,'66a91ffc3ebd8','N','2024-07-30 14:16:44','2024-07-30 14:16:44','A'),
 (308,17,1,'66a91ffc3ebd8','N','2024-07-30 14:16:44','2024-07-30 14:16:44','A'),
 (309,3,1,'66a91ffc3ebd8','N','2024-07-30 14:16:44','2024-07-30 14:16:44','A'),
 (310,17,1,'66a9200e801e2','S','2024-07-30 14:17:02','2024-07-30 16:04:37','A'),
 (311,20,1,'66a9200e801e2','S','2024-07-30 14:17:02','2024-07-30 16:04:31','A'),
 (312,3,1,'66a9200e801e2','S','2024-07-30 14:17:02','2024-07-30 16:04:46','A'),
 (313,20,1,'66a92022876d8','N','2024-07-30 14:17:22','2024-07-30 14:17:22','A'),
 (314,21,1,'66a92022876d8','N','2024-07-30 14:17:22','2024-07-30 14:17:22','A'),
 (315,1,1,'66a92022876d8','N','2024-07-30 14:17:22','2024-07-30 14:17:22','A'),
 (316,17,1,'66a9204707e1e','N','2024-07-30 14:17:59','2024-07-30 14:17:59','A'),
 (317,3,1,'66a9204707e1e','N','2024-07-30 14:17:59','2024-07-30 14:17:59','A'),
 (318,1,1,'66a9204707e1e','N','2024-07-30 14:17:59','2024-07-30 14:17:59','A'),
 (319,21,1,'66a920579cefe','N','2024-07-30 14:18:15','2024-07-30 14:18:15','A'),
 (320,1,1,'66a920579cefe','N','2024-07-30 14:18:15','2024-07-30 14:18:15','A'),
 (321,20,1,'66a9207248929','N','2024-07-30 14:18:42','2024-07-30 14:18:42','A'),
 (322,1,1,'66a9207248929','N','2024-07-30 14:18:42','2024-07-30 14:18:42','A'),
 (323,21,1,'66a9207248929','N','2024-07-30 14:18:42','2024-07-30 14:18:42','A'),
 (324,1,1,'66a920865c05d','N','2024-07-30 14:19:02','2024-07-30 14:19:02','A'),
 (325,21,1,'66a920865c05d','N','2024-07-30 14:19:02','2024-07-30 14:19:02','A'),
 (326,3,1,'66a920865c05d','N','2024-07-30 14:19:02','2024-07-30 14:19:02','A'),
 (327,20,1,'66a9209b5a884','N','2024-07-30 14:19:23','2024-07-30 14:19:23','A'),
 (328,17,1,'66a9209b5a884','N','2024-07-30 14:19:23','2024-07-30 14:19:23','A'),
 (329,1,1,'66a9209b5a884','N','2024-07-30 14:19:23','2024-07-30 14:19:23','A'),
 (330,21,1,'66a9209b5a884','N','2024-07-30 14:19:23','2024-07-30 14:19:23','A'),
 (331,17,1,'66a920aab2778','N','2024-07-30 14:19:38','2024-07-30 14:19:38','A'),
 (332,1,1,'66a920aab2778','N','2024-07-30 14:19:38','2024-07-30 14:19:38','A'),
 (333,20,1,'66a920bda281a','N','2024-07-30 14:19:57','2024-07-30 14:19:57','A'),
 (334,21,1,'66a920bda281a','N','2024-07-30 14:19:57','2024-07-30 14:19:57','A'),
 (335,17,1,'66a920d4c0818','N','2024-07-30 14:20:20','2024-07-30 14:20:20','A'),
 (336,20,1,'66a920d4c0818','N','2024-07-30 14:20:20','2024-07-30 14:20:20','A'),
 (337,21,1,'66a920d4c0818','N','2024-07-30 14:20:20','2024-07-30 14:20:21','A'),
 (338,17,1,'66a920f1d078c','N','2024-07-30 14:20:49','2024-07-30 14:20:49','A'),
 (339,20,1,'66a920f1d078c','N','2024-07-30 14:20:49','2024-07-30 14:20:49','A'),
 (340,21,1,'66a920f1d078c','N','2024-07-30 14:20:49','2024-07-30 14:20:50','A'),
 (341,3,1,'66a9210885d99','S','2024-07-30 14:21:12','2024-07-30 16:09:20','A'),
 (342,1,1,'66a9210885d99','S','2024-07-30 14:21:12','2024-07-30 16:09:14','A'),
 (343,17,1,'66a9210885d99','S','2024-07-30 14:21:12','2024-07-30 16:09:26','A'),
 (344,21,1,'66a9211d72db1','N','2024-07-30 14:21:33','2024-07-30 14:21:33','A'),
 (345,1,1,'66a9211d72db1','N','2024-07-30 14:21:33','2024-07-30 14:21:33','A'),
 (346,20,1,'66a9211d72db1','N','2024-07-30 14:21:33','2024-07-30 14:21:33','A'),
 (347,3,1,'66a9211d72db1','N','2024-07-30 14:21:33','2024-07-30 14:21:33','A'),
 (348,3,1,'66a92132e87a5','N','2024-07-30 14:21:54','2024-07-30 14:21:55','A'),
 (349,17,1,'66a92132e87a5','N','2024-07-30 14:21:54','2024-07-30 14:21:55','A'),
 (350,20,1,'66a92132e87a5','N','2024-07-30 14:21:54','2024-07-30 14:21:55','A'),
 (351,21,1,'66a92132e87a5','N','2024-07-30 14:21:54','2024-07-30 14:21:55','A'),
 (352,3,1,'66a9214fb0b07','S','2024-07-30 14:22:23','2024-07-30 16:12:53','A'),
 (353,17,1,'66a9214fb0b07','S','2024-07-30 14:22:23','2024-07-30 16:12:59','A'),
 (354,1,1,'66a9214fb0b07','S','2024-07-30 14:22:23','2024-07-30 16:12:47','A'),
 (355,17,1,'66a92164a8994','S','2024-07-30 14:22:44','2024-07-30 16:11:40','A'),
 (356,20,1,'66a92164a8994','S','2024-07-30 14:22:44','2024-07-30 16:11:46','A'),
 (357,1,1,'66a9217ae782e','N','2024-07-30 14:23:06','2024-07-30 14:23:07','A'),
 (358,21,1,'66a9217ae782e','N','2024-07-30 14:23:06','2024-07-30 14:23:07','A'),
 (359,21,1,'66a9218f08b65','S','2024-07-30 14:23:27','2024-07-30 16:12:23','A'),
 (360,1,1,'66a9218f08b65','S','2024-07-30 14:23:27','2024-07-30 16:12:10','A'),
 (361,20,1,'66a9218f08b65','S','2024-07-30 14:23:27','2024-07-30 16:12:16','A'),
 (362,1,1,'66a921d43b2a3','N','2024-07-30 14:24:36','2024-07-30 14:24:36','A'),
 (363,21,1,'66a921d43b2a3','N','2024-07-30 14:24:36','2024-07-30 14:24:36','A'),
 (364,21,1,'66a921e79952b','N','2024-07-30 14:24:55','2024-07-30 14:24:55','A'),
 (365,20,1,'66a921e79952b','N','2024-07-30 14:24:55','2024-07-30 14:24:55','A'),
 (366,17,1,'66a921e79952b','N','2024-07-30 14:24:55','2024-07-30 14:24:55','A'),
 (367,1,1,'66a921e79952b','N','2024-07-30 14:24:55','2024-07-30 14:24:55','A'),
 (368,21,1,'66a921f493738','N','2024-07-30 14:25:08','2024-07-30 14:25:08','A'),
 (369,20,1,'66a921f493738','N','2024-07-30 14:25:08','2024-07-30 14:25:08','A'),
 (370,17,1,'66a921ff9b282','S','2024-07-30 14:25:19','2024-07-30 16:18:51','A'),
 (371,1,1,'66a921ff9b282','S','2024-07-30 14:25:19','2024-07-30 16:18:46','A'),
 (372,21,1,'66a9221721cc5','S','2024-07-30 14:25:43','2024-07-30 16:16:29','A'),
 (373,17,1,'66a9221721cc5','S','2024-07-30 14:25:43','2024-07-30 16:16:23','A'),
 (374,1,1,'66a9222331764','N','2024-07-30 14:25:55','2024-07-30 14:25:55','A'),
 (375,20,1,'66a9222331764','N','2024-07-30 14:25:55','2024-07-30 14:25:55','A'),
 (376,1,1,'66a922345fe88','N','2024-07-30 14:26:12','2024-07-30 14:26:12','A'),
 (377,1,1,'66a9224674a71','S','2024-07-30 14:26:30','2024-07-30 16:18:00','A'),
 (378,17,1,'66a9224674a71','S','2024-07-30 14:26:30','2024-07-30 16:18:08','A'),
 (379,20,1,'66a9224674a71','S','2024-07-30 14:26:30','2024-07-30 16:18:15','A'),
 (380,21,1,'66a9224674a71','S','2024-07-30 14:26:30','2024-07-30 16:18:22','A'),
 (381,20,1,'66a922526503e','N','2024-07-30 14:26:42','2024-07-30 14:26:42','A'),
 (382,21,1,'66a922526503e','N','2024-07-30 14:26:42','2024-07-30 14:26:42','A'),
 (383,17,1,'66a922655fd67','N','2024-07-30 14:27:01','2024-07-30 14:27:01','A'),
 (384,1,1,'66a922655fd67','N','2024-07-30 14:27:01','2024-07-30 14:27:01','A'),
 (385,20,1,'66a92271de801','N','2024-07-30 14:27:13','2024-07-30 14:27:13','A'),
 (386,21,1,'66a92271de801','N','2024-07-30 14:27:13','2024-07-30 14:27:14','A'),
 (387,17,1,'66a9227f42c15','N','2024-07-30 14:27:27','2024-07-30 14:27:27','A'),
 (388,1,1,'66a9227f42c15','N','2024-07-30 14:27:27','2024-07-30 14:27:27','A'),
 (389,20,1,'66a9228e9f02a','N','2024-07-30 14:27:42','2024-07-30 14:27:42','A'),
 (390,21,1,'66a9228e9f02a','N','2024-07-30 14:27:42','2024-07-30 14:27:42','A'),
 (391,17,1,'66a9229ebb0d9','N','2024-07-30 14:27:58','2024-07-30 14:27:58','A'),
 (392,1,1,'66a9229ebb0d9','N','2024-07-30 14:27:58','2024-07-30 14:27:58','A'),
 (393,20,1,'66a922b1a87eb','N','2024-07-30 14:28:17','2024-07-30 14:28:17','A'),
 (394,21,1,'66a922b1a87eb','N','2024-07-30 14:28:17','2024-07-30 14:28:17','A'),
 (395,17,1,'66a922bf785ef','N','2024-07-30 14:28:31','2024-07-30 14:28:31','A'),
 (396,1,1,'66a922bf785ef','N','2024-07-30 14:28:31','2024-07-30 14:28:31','A'),
 (397,1,1,'66a922ccd71ae','N','2024-07-30 14:28:44','2024-07-30 14:28:44','A'),
 (398,17,1,'66a922ccd71ae','N','2024-07-30 14:28:44','2024-07-30 14:28:45','A'),
 (399,20,1,'66a922ccd71ae','N','2024-07-30 14:28:44','2024-07-30 14:28:45','A'),
 (400,21,1,'66a922ccd71ae','N','2024-07-30 14:28:44','2024-07-30 14:28:45','A'),
 (401,21,1,'66a922d7b9906','N','2024-07-30 14:28:55','2024-07-30 14:28:55','A'),
 (402,20,1,'66a922d7b9906','N','2024-07-30 14:28:55','2024-07-30 14:28:55','A'),
 (403,17,1,'66a922e6f10e7','N','2024-07-30 14:29:10','2024-07-30 14:29:11','A'),
 (404,1,1,'66a922e6f10e7','N','2024-07-30 14:29:10','2024-07-30 14:29:11','A'),
 (405,20,1,'66a922f699ec9','S','2024-07-30 14:29:26','2024-07-30 16:16:55','A'),
 (406,21,1,'66a922f699ec9','S','2024-07-30 14:29:26','2024-07-30 16:17:02','A'),
 (407,17,1,'66a9230d5676a','N','2024-07-30 14:29:49','2024-07-30 14:29:49','A'),
 (408,1,1,'66a9230d5676a','N','2024-07-30 14:29:49','2024-07-30 14:29:49','A'),
 (409,20,1,'66a92320b3278','N','2024-07-30 14:30:08','2024-07-30 14:30:08','A'),
 (410,21,1,'66a92320b3278','N','2024-07-30 14:30:08','2024-07-30 14:30:08','A'),
 (411,17,1,'66a92320b3278','N','2024-07-30 14:30:08','2024-07-30 14:30:08','A'),
 (412,1,1,'66a92320b3278','N','2024-07-30 14:30:08','2024-07-30 14:30:08','A'),
 (413,1,1,'66a9232e4d273','N','2024-07-30 14:30:22','2024-07-30 14:30:22','A'),
 (414,17,1,'66a9232e4d273','N','2024-07-30 14:30:22','2024-07-30 14:30:22','A'),
 (415,20,1,'66a9232e4d273','N','2024-07-30 14:30:22','2024-07-30 14:30:22','A'),
 (416,21,1,'66a9232e4d273','N','2024-07-30 14:30:22','2024-07-30 14:30:22','A'),
 (417,1,1,'66a92346b5b83','N','2024-07-30 14:30:46','2024-07-30 14:30:46','A'),
 (418,17,1,'66a92346b5b83','N','2024-07-30 14:30:46','2024-07-30 14:30:46','A'),
 (419,20,1,'66a92346b5b83','N','2024-07-30 14:30:46','2024-07-30 14:30:46','A'),
 (420,21,1,'66a92346b5b83','N','2024-07-30 14:30:46','2024-07-30 14:30:46','A');
/*!40000 ALTER TABLE `produtoemprestimo` ENABLE KEYS */;


--
-- Definition of table `usuario`
--

DROP TABLE IF EXISTS `usuario`;
CREATE TABLE `usuario` (
  `idusuario` int(10) unsigned NOT NULL AUTO_INCREMENT,
  `nomeUsuario` varchar(75) DEFAULT NULL,
  `sobrenome` varchar(120) DEFAULT NULL,
  `numero` varchar(20) NOT NULL,
  `cpf` varchar(15) DEFAULT NULL,
  `nascimento` date DEFAULT NULL,
  `matricula` varchar(30) DEFAULT NULL,
  `cargo` varchar(50) DEFAULT NULL,
  `email` varchar(140) DEFAULT NULL,
  `senha` varchar(245) DEFAULT NULL,
  `cadastro` datetime DEFAULT NULL,
  `alteracao` timestamp NOT NULL DEFAULT current_timestamp() ON UPDATE current_timestamp(),
  `ativo` char(1) DEFAULT 'A',
  PRIMARY KEY (`idusuario`),
  UNIQUE KEY `idusuario` (`idusuario`)
) ENGINE=InnoDB AUTO_INCREMENT=106 DEFAULT CHARSET=utf8mb4 COLLATE=utf8mb4_general_ci;

--
-- Dumping data for table `usuario`
--

/*!40000 ALTER TABLE `usuario` DISABLE KEYS */;
INSERT INTO `usuario` (`idusuario`,`nomeUsuario`,`sobrenome`,`numero`,`cpf`,`nascimento`,`matricula`,`cargo`,`email`,`senha`,`cadastro`,`alteracao`,`ativo`) VALUES 
 (1,'Ademiro','Silva','(33) 9 6584-5625','123.658.785-55','1985-09-21','552268412','adm','ademirosilva@gmail.com','$2y$12$IwZDV8oiSeQl.Xg8LqykseYTWY1U9NLtJZM6EWURS8tOYliyO7G5C','2024-06-29 12:40:56','2024-07-11 13:32:41','A'),
 (2,'Marco','Oliveira','(33) 4 4532-5452','026.555.266-98','2000-06-08','635987952','funcionario','marco@gmail.com','$2y$12$MVHQ0YLgb0ed7oD2V/TejOaeF30G.AnV/5BSXUwn8LndrK655/ddG','2024-07-02 13:21:53','2024-07-29 10:15:45','A'),
 (3,'Clarisse','Oliveira','(23) 5 3252-3523','756.753.683-72','2006-07-23','42543966','adm','clarisse@gmail.com','$2y$12$ZuoD4MRYTEbl2txE47qCKOBp4L2WGS14tqiCHpAdr.1ei.hoxLYEO','2024-07-23 13:48:04','2024-07-23 13:48:05','A'),
 (4,'Renato Ro','Lopes','(34) 6 3664-3433','657.373.573-75','2000-07-03','26810269','adm','ronan@gmail.com','$2y$12$39VePe4PeSjkuzlEzHAGCeYkVphx5ayUosxFUHRrLGoshOENA3orS','2024-07-23 13:48:44','2024-07-24 14:53:13','A'),
 (5,'Fabio','Rodrigues','(88) 4 6784-6782','234.626.245-63','1999-06-10','53038746','rh','joao15.9@gmail.com','$2y$12$HH4T37CsgbA9ogPSpN8SW.OZXg3FhptSQha1.Ndswni4sxSQ9H/CW','2024-07-23 13:49:36','2024-07-23 13:50:48','A'),
 (10,'Ronan','Menezes','(46) 3 3464-3634','643.634.643-63','2006-07-23','10366396','funcionario','ronan@gmail.com','$2y$12$DnPemzy7C4pHoCe4vVDEleGEZ1T4fmNo6XegYZgXGbJGhzoloTCIi','2024-07-23 14:10:01','2024-07-29 14:48:46','A'),
 (12,'Quezia','Campelo Bastida','(23) 4 5252-3532','547.475.457-54','1988-02-16','27952047','adm','queziacampelo@gmail.com','$2y$12$iBrumFZKiBdr9OCePnZ2YeaebxoTU4bBdLrgJ5kTuQ.Cbeoa58N/2','2024-07-29 14:44:16','2024-07-29 14:48:12','A'),
 (13,'César','Linhares Mesquita','(32) 5 2352-3645','235.325.235-23','2020-07-16','5151058','funcionario','Cesarlinharesmesquita@hotmail.com','$2y$12$zalZ3rEbPKQ2mUpRg4hpVekVmMGl355baTHAgy11UCouxyI9Q8zMy','2024-07-29 14:44:37','2024-07-29 14:49:24','A'),
 (14,'Josildo','Velasco Bastos','(85) 8 5685-6858','353.634.634-63','1988-11-26','8507745','funcionario','Josildovelascobastos@gmail.com','$2y$12$5u5zr582ODwz9IVeA7EhDehREh0WrfROj.em6MI2p1g9ZjzJpHyq6','2024-07-29 14:44:47','2024-07-29 14:50:19','A'),
 (15,'Enrico','da Sousa Queiroga','(74) 5 7547-4579','677.696.796-79','1992-05-04','10546191','rh','Enricodasousaqueiroga@outlook.com','$2y$12$96Sg9hxyVjJqXAFuNMFtLuCOhhGc6zhjYAMClZXxTGdHBdpytR0uK','2024-07-29 14:45:02','2024-07-29 14:51:17','A'),
 (16,'Neuza ',' de Jesus Pessoa','(56) 8 5685-6967','363.463.463-63','1970-08-22','77114956','funcionario','Neuzadejesuspessoa@msn.com','$2y$12$aBThyeq8hPWEeqe9/nhfM..snK2/BKQR4anqLvC4xn0ile6yz1J4q','2024-07-29 14:45:15','2024-07-29 14:51:56','A'),
 (17,'Gilson','Vasconcellos Prucho','(45) 6 4564-5645','265.352.523-52','1982-08-10','56002693','rh','Gilsonvasconcellosprucho@gmail.com','$2y$12$UjVWvisx0Njtb.81dM6Hluu5.Uu3.XpHf.ehpU3NUnph3vAmVgD7i','2024-07-29 14:53:38','2024-07-29 14:53:39','A'),
 (18,'Renata','Milanez Spilman','(63) 4 6346-3464','436.363.464-36','2017-10-20','81476760','funcionario','Renata@pinhogel.com','$2y$12$zrrzjLuyJhAfgXDgqziQFeNtyPIUjS/54Rr7LafBIVcsPki65FKvC','2024-07-29 14:55:20','2024-07-29 14:58:40','A'),
 (19,'Isadorada','Avelino','(33) 9 8719-4164','704.189.816-47','2005-07-23','49509955','funcionario','isadora@bonita.com','$2y$12$K3ODu0C9yBZjMoHsIEScd.1MYk6sZxTw1K99sGTyRwKYuz5DYlLSi','2024-07-29 15:05:01','2024-07-29 15:05:44','A'),
 (20,'Maria',' Nazaré Anastacio Gomes','(34) 6 3463-4634','234.634.634-63','1977-07-16','66381520','rh','maria@chrome.com','$2y$12$ASgK./JN7UH6zn2PaZ8dy.Vh79QXTEuZVTp2aumr3y37NtElpfxPO','2024-07-29 16:02:13','2024-07-29 16:32:11','A'),
 (21,'João','Souza Silva','(31) 2 1286-800','634.634.634','2006-07-29','73446662','funcionario','teste@exemplo.us','$2y$12$81hRLlR6iFlVPYkgFUaUl.A8KNkycjcRsRI9PkY2Fx2jgSdSEHjGG','2024-07-29 16:03:42','2024-07-29 16:03:42','A'),
 (22,'Juan','Souza Silva','(60) 1 9521-325','754.577.457-4','2004-06-04','80600533','adm','madebyve@mailinator.com','$2y$12$273CmIpSRSIWl0I.XX7k..2i/573NbcsHY/JIDYK.ZlQxlbPtCt9i','2024-07-29 16:04:39','2024-07-29 16:04:40','A'),
 (23,'Ronaldo ','Lopes','(12) 3 5987-3548','886.457.897-43','2006-07-29','57740141','almoxarife','RonaldoLopes@gmail.com','$2y$12$I1AEP3ZygPhTzGaixJ.Tw.G0h4/nP3ho6DHiqDmGlqvrkR2rv7YXS','2024-07-29 16:24:03','2024-07-29 16:24:03','A'),
 (24,'Fransiscano ','Alentejo Auzier','(46) 6 3436-6343','457.457.457-45','1982-12-09','45792244','adm','AlentejoAuzier@mailinator.com','$2y$12$ca3Ov464ecv5g9YvBrdF0eg5LFCEyoUfYHQswZSEijBJYXJtfirXW','2024-07-29 16:24:23','2024-07-29 16:24:23','A'),
 (25,'Rayanne',' Navega Bezerra','(57) 5 4745-3476','634.634.634-64','2010-12-18','3376113','adm','NavegaBezerra@gmail.com','$2y$12$Nad83BO2GsvOr8bW3R3Aq.tR1Vpauc/84ut/VvpRzK1IhHYhKUZTu','2024-07-29 16:24:56','2024-07-29 16:24:56','A'),
 (26,'Lucca','Paulino Constantino','(63) 4 6363-3643','346.346.346-34','2020-08-01','42396183','rh','lucca@gmail.com','$2y$12$LCHSX9l3OxTB2oFSMqsA9u4Cy1EgKAyHmkl//Rkq6fDixLhxu92p.','2024-07-29 16:27:07','2024-07-29 16:27:07','A'),
 (27,'Vera','Negris Constantino','(76) 3 1357-4267','722.439.842-02','1991-07-29','7888667','funcionario','very@gmail.com','$2y$12$4WeHne55dIqbFizALuZ0JO.btyyRAJhOq4F3BVg9m8HXk.hKfNXQq','2024-07-29 16:27:24','2024-07-29 16:27:24','A'),
 (28,'Douglas ','Quindeler Pacheco','(45) 9 4287-4228','618.332.462-09','2000-05-02','15243471','funcionario','douglas@gmail.com','$2y$12$yDq1RFwD.A1HLnuZUh138e0g34Zlz2EWvxJ1bIHqdDZuFRwI0gx5C','2024-07-29 16:28:17','2024-07-29 16:28:17','A'),
 (29,'Claudio','Campos','(63) 6 4363-4646','673.464.367-43','1999-02-23','73849572','funcionario','Claudio@gmail.com','$2y$12$FQtwOvGgCLsfb2rHqQ9Zquq114mrXKlEqNIekK67Hru/w.ZZhK7YS','2024-07-29 16:28:21','2024-07-29 16:28:22','A'),
 (30,'Heládio ','Chiles Leal','(23) 5 3252-3523','438.769.967-98','1991-09-26','46733386','rh','Chiles@hotmail.com','$2y$12$spG.kqna7LQCEhkgWkGrVuq0/MDAFofX70fP06cmO4oF3KgHmG3XO','2024-07-29 16:28:51','2024-07-29 16:28:51','A'),
 (31,'Nilce','Carmoriz Siqueira','(12) 9 1749-2128','642.954.454-01','1986-07-29','81320672','almoxarife','nilce@gmail.com','$2y$12$NafMxyIcH0iJJ8sQYyfESeljEYlNssvLXCplpDDZF3MQ3dUV0vtVu','2024-07-29 16:29:21','2024-07-29 16:29:21','A'),
 (32,'Joaquim ','Portela Vaz','(74) 5 2352-5623','463.474.373-74','1990-02-23','12955049','funcionario','Joaquim@outlook.com','$2y$12$KXJ/Cx/Ypk0e7b89DeNtluAl6bS/Cm4tmqIOF6kXq82PkkZY4JiCu','2024-07-29 16:30:08','2024-07-29 16:30:09','A'),
 (33,'Roseanne','Mayerhofer Ubaldo','(62) 9 4652-7121','496.731.314-06','1999-06-25','85517234','funcionario','roseanne@gmail.com','$2y$12$hiIIWSTzjlouVvKLz9GsXObku9ZC0e/7AYFIa7VZ1p9YNQq9oZdyC','2024-07-29 16:30:13','2024-07-29 16:30:13','A'),
 (34,'Sayonara ','Ervano Vargas','(34) 4 5875-7457','623.223.234-23','2013-06-01','91800003','rh','Sayonara@google.com','$2y$12$ZEv2rU3lr4wS09p/61aD..IoBkBUo5rzk9mCJl7wBMNuS54N/rZGq','2024-07-29 16:31:10','2024-07-29 16:31:10','A'),
 (35,'Elio ','Faria Vieira','(27) 9 5821-8260','527.362.242-56','2006-07-29','33604836','adm','eliofariavieira@gmail.com','$2y$12$72lohp.EiRzWR7XsKucI7O070/jhZ5nmLwiHYAHmpDM4MFQ4I1UMW','2024-07-29 16:31:15','2024-07-29 16:31:15','A'),
 (36,'Iris','Avelino','(33) 9 8719-4164','123.456.789-52','2005-07-23','70848761','funcionario','isadora@linda.com','$2y$12$HCKlTy68G3XYhoQIokPGHOEPwpG/DHkjqJfbDQUheNaugKunE6QVy','2024-07-29 16:31:43','2024-07-29 16:31:44','A'),
 (37,'Dionísio ','Brum Quindeler','(73) 7 3473-4473','123.352.235-64','2006-07-29','10525079','almoxarife','Dionisio@icloud.com','$2y$12$SCfW8NZouZCis1p.Ly7ISuUvLmQtMGjYb/HzzrNbMt5/vUIx/X3Ia','2024-07-29 16:31:45','2024-07-29 16:31:45','A'),
 (38,'Fábio',' Queiroga Pedroso','(34) 7 3434-7743','344.352.346-75','2015-05-21','63122872','almoxarife','Fabio@youtube.com','$2y$12$0AvQZOamGs6YKuuKVzWTDeH/KFJjiDnYCoK13pY97gpvFrdSnNDbW','2024-07-29 16:32:50','2024-07-29 16:32:50','A'),
 (39,'Jane ','Estellet Bragança','(62) 9 7280-0783','511.547.841-26','2006-07-29','25387203','rh','jane@gmail.com','$2y$12$Lr1/0KliM4tPuTKIew0gi.krPzYjYPCUazn5aWM5id3RF5YE466Jm','2024-07-29 16:33:18','2024-07-29 16:33:19','A'),
 (40,'Estefane','Avelino','(33) 9 8575-5555','152.014.254-53','2006-12-31','24818815','rh','ester@gmail.com','$2y$12$afqSsdoBBaILYqy2HOqYxuz.8X.0JgYOh4yxf9OkViYE/Mg5eN8/W','2024-07-29 16:33:46','2024-07-29 16:33:47','A'),
 (41,'Alessandra',' Spilman de Oliveira','(73) 4 6734-6346','347.637.734-74','2006-07-29','94283497','funcionario','Alessandra@google.com','$2y$12$SPg/DJyqtl0i8CYa.xJC3eWMv1HJeyeh4ed3BdRuFnTEnN.VEZJdO','2024-07-29 16:33:54','2024-07-29 16:33:55','A'),
 (42,'Vera ','Werneck Consendey','(98) 9 8647-6236','244.382.823-90','1965-01-18','24391934','almoxarife','vera.consendey@gmail.com','$2y$12$7R1ytpAKHngeayP5g20r4OJGxn5mnIBwYJcHeJVxlXtmbp7saJkQ6','2024-07-29 16:34:13','2024-07-30 10:18:23','A'),
 (43,'Livia','Santos','(33) 6 9856-9855','123.548.482-15','2006-06-26','54831275','adm','livia@gmail.com','$2y$12$/7z0cePf.yagsjen03gDgOAlM2Ckdaj8AzFE2uRHDJTb8fFnOGb.a','2024-07-29 16:34:36','2024-07-29 16:34:36','A'),
 (44,'Rubia ','Caruso Costa','(36) 4 6634-3464','745.574.457-45','1990-05-06','74940919','funcionario','RubiaGomes@gmail.com','$2y$12$iJHou8vi5Q7l.AdOualo8u8X9QXniQ0TkUCl6uJRVzIDoVRA4M/mm','2024-07-29 16:34:44','2024-07-30 10:18:49','A'),
 (45,'Arlete ','Palmas Diniz','(92) 9 8847-6367','484.150.512-12','1986-05-04','42926075','funcionario','arlete.diniz@gmail.com','$2y$12$T2UQ9rkjISGYUTDgNQ1Cp.JQabejoA7l5mg55D8W1mGpHoOapP1JS','2024-07-29 16:35:01','2024-07-30 10:18:04','A'),
 (46,'Maria','Beatriz Vilar Kassab','(64) 3 6346-3643','734.737.658-58','2006-07-29','10889350','funcionario','Beatriz@gmail.com','$2y$12$pLgjrZ8tosi.lelVZCht8uyrpo5b4y5jh2GDqOjjmIAnZkmFe4eeK','2024-07-29 16:35:18','2024-07-30 13:20:24','A'),
 (47,'Isabel','Pinto','(33) 6 9854-7855','125.874.639-93','2006-05-15','71762402','almoxarife','isa@gmail.com','$2y$12$rRaOFFE/hr.pma/UDymjT.4MuX2UQtmRLe4MOXCKw9CHylM/1j/Vq','2024-07-29 16:35:40','2024-07-29 16:35:41','A'),
 (48,'Edson',' Cunha Medeiros','(66) 6 4346-3643','343.745.734-76','1999-03-27','13122499','funcionario','Cunha@outlook.com','$2y$12$mE4Ac8u4HzKZPsDYH.AypeweWS8Mvorr5DLnMKDUutRLoMChsM4HK','2024-07-29 16:36:03','2024-07-29 16:36:03','A'),
 (49,'Aledio ','Texeira Vilela','(67) 9 7561-7532','654.242.621-39','1961-12-13','13276522','funcionario','aledio.vilela@gmail.com','$2y$12$wrf4FUIOjfLcBpkQxB6MTOIJncB.3RHbosaXYce/.wQe/ZkERdKk.','2024-07-29 16:36:18','2024-07-30 10:18:13','A'),
 (50,'Bianca','Santoro','(33) 6 9685-8514','125.893.322-25','2006-07-13','66086373','rh','bianca@gmail.com','$2y$12$5F96FTwtxIaaL2zfJsz4oO2lpH4ynXGnX5z3AaCiZGc/pKcw5HsfK','2024-07-29 16:36:30','2024-07-29 16:36:30','A'),
 (51,'Francielle ','Saldanha Linhares','(43) 6 7474-5747','343.434.623-23','2005-10-27','40078556','rh','frafran@iclou.com','$2y$12$930.FxE9KtJcYSL/VSG2keAEr2MEORJp6u05dxAA1nhiJ6mggamRO','2024-07-29 16:37:00','2024-07-29 16:37:01','A'),
 (52,'Kailany','Rodrigues','(33) 9 6655-8228','123.658.933-33','2005-02-01','86180474','adm','kai@gmail.com','$2y$12$Y3gnxkA6k69.4xiW20WbGeBeqY64FSSiHk0pvYgdMRm2jS/spdyv.','2024-07-29 16:37:41','2024-07-30 16:16:21','A'),
 (53,'Rosimere',' Frotté Prata','(74) 7 4637-6347','458.458.584-64','1856-03-26','71067287','funcionario','Rosimere@gmail.com','$2y$12$V31thwF2J6QEBeLLDpgdzeGvw3f0zTmo6oxx2kk3N1XvLxzSr2OkW','2024-07-29 16:38:03','2024-07-29 16:38:03','A'),
 (54,'Clara','Santos Rodrigues','(33) 9 6582-2145','120.548.593-22','2003-12-29','44028155','rh','clara@gmail.com','$2y$12$FsiT98Z/1.a3/P.a53WM4eIvjsGg.4J7CGBKCSstLRjGlfpzxrhtq','2024-07-29 16:38:18','2024-07-29 16:38:18','A'),
 (55,'Milena','Miranda Vieira','(36) 6 4364-3634','745.754.745-75','2006-07-29','48484950','funcionario','Milena@gmail.com','$2y$12$VxKao.XBVrKrT/ELDjo4pOvLRK/QLpYTvJCpjc/hpKcpSYma6vJd.','2024-07-29 16:38:32','2024-07-29 16:38:32','A'),
 (56,'Marco ','Santoro Nobre','(33) 9 9658-2575','120.369.574-42','2006-07-29','40788240','funcionario','marcosantoro@gmail.com','$2y$12$y/LTGYKLqTqiqnUlQOQIt.aPAET1/HT/pO2kkA06cTrOwxvlTOulu','2024-07-29 16:39:14','2024-07-29 16:39:14','A'),
 (57,'Lua','Teixeira Marcela','(33) 9 8545-8702','120.363.256-52','2004-03-04','12747884','almoxarife','lua@gmail.com','$2y$12$TcoIEobLiuHnplJhITQhgOLXtFT5YkZ9cgrqMNoeG5jEnX7Z0B2Y2','2024-07-29 16:41:17','2024-07-29 16:41:17','A'),
 (58,'Manuel ','Leite Lucas','(95) 9 7250-1145','862.442.602-28','2023-08-03','12903547','funcionario','manuel.lucas@gmail.com','$2y$12$WU1k18639ecDOFeyXlqiaunSTcwart5AIbWgwzhGxjrmMDGVSPR72','2024-07-29 16:41:29','2024-07-30 10:17:34','A'),
 (59,'Marcos','Batista Oliveira','(33) 9 6525-8000','665.869.658-85','2004-06-08','53785377','almoxarife','marcosbatista@gmail.com','$2y$12$iM0aRAx54Cfa13hkTBCGk.dlKPxly1xkzaa6QWYLS2VFcnO/K896.','2024-07-29 16:42:05','2024-07-29 16:42:05','A'),
 (60,'Irene','Rosa  de Oliveira','(33) 9 6857-4585','362.584.122-58','2003-01-16','2315655','almoxarife','irene@gmail.com','$2y$12$8Y6PSiT5uaKwXM2EPH19j.Rg3QDVWE0hL3rGkm4iVWw92bMyjdVdC','2024-07-29 16:46:04','2024-07-29 16:46:04','A'),
 (61,'Cecilia','de Oliveira Santios','(33) 9 8585-2145','123.652.077-76','2006-07-01','4922248','almoxarife','cecilia@gmail.com','$2y$12$cOae9AqkLw16hiEyc/g1/et0OmPSmQANRfrwjclFAcLcFt4wRnTce','2024-07-29 16:47:30','2024-07-29 16:47:30','A'),
 (62,'Kaimar','Oliveira','(33) 9 8547-8545','121.035.282-22','2006-07-12','75974496','rh','kaimar@gmail.com','$2y$12$gIphMiZ0EQhGinPw0yJ0J.i8wbAKJYYcVXsNZgmjzF.S.zXwII8sa','2024-07-29 16:48:26','2024-07-29 16:48:26','A'),
 (63,'Lucas','Avelino','(33) 9 8585-2114','120.325.812-12','2006-06-28','13311579','rh','lucasavelino@gmail.com','$2y$12$V8zU5RqHWfkUR3fep.IyUeWKdVP.Bvn3hCw4yuomw3DeWVQHggO1e','2024-07-29 16:49:22','2024-07-29 16:49:22','A'),
 (64,'Mathues','Santos Barbosa','(31) 9 5825-4633','120.369.851-44','2005-03-09','35303677','rh','mathuesbarbosa@gmail.com','$2y$12$tlBZQhF7TLKPcDOWHl8XPO1KMlRb4b3z.PA.ZcJeidPzgFLPJVi/S','2024-07-29 16:50:19','2024-07-29 16:50:20','A'),
 (65,'Atila','Gambino','(31) 9 6525-6332','120.242.212-12','2006-07-01','57089055','almoxarife','atilagambino@gmail.com','$2y$12$D/.aEY7X65OZK/Q4eMCr/uoKFFyM8ryewRiIMcgr1TVIv435TD29u','2024-07-29 16:51:13','2024-07-29 16:51:13','A'),
 (66,'Gabrielle ','Lourenço Norte','(63) 9 7960-6683','374.664.551-40','1995-08-03','63920668','almoxarife','gabrielle.norte@gmail.com','$2y$12$3IfqaQ.6y9kBzKLEJqlsVOCG8BPIIXuHq7vJdj68qYWHiN.AIQTJu','2024-07-30 09:09:25','2024-07-30 09:09:25','A'),
 (67,'Joelma','da Silva','(33) 9 9908-9086','154.287.790-39','2003-07-11','65133533','funcionario','joelmadocalipso@hotmail.com','$2y$12$9m4sDottGaNvO8EBc.nmvuJIHKL7g1l0eHM17nbBWiUkUMc2RhwRa','2024-07-30 13:41:47','2024-07-30 13:41:48','A'),
 (68,'Ariana','Grande','(33) 9 9993-2323','092.420.920-88','1998-12-02','41992483','funcionario','arigrandede@gmail.com','$2y$12$m311XBqvty8cS2gBi2Dvk.rlgs2UvhS5v/D86AJz8yVR/xMvX9i2.','2024-07-30 13:42:46','2024-07-30 13:42:46','A'),
 (69,'João','Cabeludo','(33) 9 9812-2543','144.719.940-50','1999-01-08','57468126','funcionario','phedorpuro@hotmail.com','$2y$12$3zM2LccxjiEyKK4ZpK232uEn2Vjive/TgDVMlQUMePrZJvz8Mw9CG','2024-07-30 13:43:46','2024-07-30 13:43:47','A'),
 (70,'Marianny','Oliveira','(33) 9 9883-3219','517.650.150-30','2003-05-12','67239661','funcionario','marylinda@outlook.com','$2y$12$tBB2h0NOi28cUrhEaHjNYuEoL386skdsxy38a/c3zl.7T7flL359W','2024-07-30 13:45:03','2024-07-30 13:45:03','A'),
 (71,'Dablio','Pontocon','(33) 9 8859-2323','006.914.260-23','2011-11-11','26714971','almoxarife','wwwpontocon@hotmail.com','$2y$12$yDwR7.YuhhGQI26s/f9RMu3.Ltah5CgbTBOmzeulbU4OtEo.eFCk.','2024-07-30 13:45:51','2024-07-30 13:45:51','A'),
 (72,'Taty','Tatyelly','(33) 9 9734-2525','234.563.457-65','2006-06-01','13714798','funcionario','tatytatyellyta@gmail.com','$2y$12$6Lsm4RhX1YDZ2jIsED/Whufkl0HJFs7KboV6amtDGPcmjt5x.13Fa','2024-07-30 13:46:32','2024-07-30 13:46:32','A'),
 (73,'Pericles','Picles','(33) 9 8090-9808','436.234.538-45','1998-07-31','41776547','rh','melhoreuirtchau@hotmail.com','$2y$12$sDg0kOztLCFzasM7R18UIOtL.ZC04j1JEoGNwfvM2QtUPBYF.dypi','2024-07-30 13:47:12','2024-07-30 13:47:12','A'),
 (74,'Bandey','djer','(33) 9 9578-2721','127.956.783-95','2003-02-19','71209706','funcionario','bandeydje@hotmail.com','$2y$12$oUIKflV4AvonQjFU5glQqutDM1juWo5fS08ARJufe910VOQ.uX0vq','2024-07-30 13:48:10','2024-07-30 13:48:10','A'),
 (75,'Joe ','Sabaracatuba','(33) 9 9883-4551','936.183.830-02','1992-12-24','51486068','almoxarife','Joesabaracatuba@hotmail.com','$2y$12$FURfMnXKOXFt9G35c3F0duXOAdL4hHL51ouBvfWU1aLL.amRPC1Wi','2024-07-30 13:49:28','2024-07-30 13:49:28','A'),
 (76,'Djeguere','Guedje','(33) 9 9375-5658','147.852.369-78','2006-02-27','13831821','funcionario','dj.tuts.tuts12@hotmail.com','$2y$12$xKruIxzBValuTrAg3Gn9xeLRic4m2edNuw/agBbwpyxGEo8Ayr0Mu','2024-07-30 13:50:29','2024-07-30 13:50:30','A'),
 (77,'Anitta','somente','(12) 9 8987-9898','145.263.638-51','1993-03-30','97749763','adm','anittalinda@gmail.com','$2y$12$5e7mjQeL.33HLoaNjmwNCe3/9v8QjjODo303NKrs1MF.MGWWSQq3O','2024-07-30 13:51:18','2024-07-30 13:51:18','A'),
 (78,'Kusseco','Beaumont Bellerose','(12) 9 9881-2442','159.357.486-24','2003-08-12','97776903','almoxarife','kussecobeaumont@gmail.com','$2y$12$ZLhWd7FVl3UeAoGjOke7nuAXaM8geC2dB/c.4eSeXendLlkuE54iq','2024-07-30 13:53:36','2024-07-30 13:53:36','A'),
 (79,'Jimin','Dobitiess','(15) 9 3571-5246','142.635.709-12','1998-11-05','20000889','funcionario','jimindubities@hotmail.com','$2y$12$JdLaiTrnj5i9nebVmJLqk.T/Mu0u8Ul6RWKmBSP/p2zx2hi4iAeAG','2024-07-30 13:54:55','2024-07-30 13:54:55','A'),
 (80,'Bettyna','Oliveira Betty','(33) 9 1921-9291','024.923.058-92','1977-12-15','44075862','almoxarife','Bettydasilvyr@hotmail.com','$2y$12$rmaQ0OVwHmT4fUKNbBC6KOFqfjnXsj74WD78ITRuvypavG3vmUr5S','2024-07-30 13:56:16','2024-07-30 13:56:17','A'),
 (81,'Tânya','Tatyossa','(32) 9 9212-2221','928.374.657-84','1999-12-14','77883853','almoxarife','tanyatatyossa12@gmail.com','$2y$12$wo6M5F3eO7brLKcyX8S0Cud4ZWBLHrS5/t/WpNpHWYmeTCJEOm5tG','2024-07-30 13:57:04','2024-07-30 13:57:04','A'),
 (82,'Denise','Moura Betotinne','(33) 9 9121-2358','933.859.259-43','2003-02-15','88203677','funcionario','denise12moura@hotmail.com','$2y$12$8UIR2o9zWH2yNyf71JuRLuHZ5SWRDSNxXmlgadD/3VcM/Xk/s6X6e','2024-07-30 14:00:36','2024-07-30 14:00:36','A'),
 (83,'Otaviano','Delacroix da Silva','(33) 9 8998-1442','741.852.996-30','1994-09-04','49335648','almoxarife','delacroix.otavi@gmail.com','$2y$12$pmU45obi8La1M.F.YalsfucQc77jm8yCgLBhCYaIdItKwQL7Sp5M6','2024-07-30 14:01:46','2024-07-30 14:01:46','A'),
 (84,'Velma','Feianne do Nascimento','(33) 9 9912-9002','821.494.330-28','1993-08-17','11725501','rh','velmanascimento02@hotmail.com','$2y$12$vPhpJ8tG2iKtQ.uHAIlpX.FaLxFhVjRUah33rPKIPL00FaxdZDRmG','2024-07-30 14:03:16','2024-07-30 14:03:16','A'),
 (85,'Matilda',' Morgan de Fagundes','(33) 9 9361-5240','652.984.890-87','2006-07-30','51291613','adm','Matilda.diva@gmail.com','$2y$12$tqCvd7vbQMzMw035rev68evHdZ6z0BwpYkoeW8lbyCj8yZWdeBJnu','2024-07-30 14:04:48','2024-07-30 14:04:48','A'),
 (86,'Sebastian ','Richards Harvey Riley','(33) 9 9887-2553','475.604.870-68','2000-02-01','38874854','almoxarife','harveyriley.sebastian@hotmail.com','$2y$12$PzBX/kX7COnpG5OC2oCzzOkSt2G7By827jN6KgaW50grq6E9o.uUC','2024-07-30 14:06:09','2024-07-30 14:06:09','A'),
 (87,'Leonardo ','Maldonado Nasir Hodge','(33) 9 9856-4532','156.243.798-42','1982-10-05','32183039','almoxarife','leomaldonado1@gmail.com','$2y$12$.tSWBfTPJrvzoDsyx9BPXe31x3594CXIeU.0Vq8tsdE.52WMt9IdO','2024-07-30 14:09:14','2024-07-30 14:09:14','A'),
 (88,'Kareem ','Joyce Murphy','(33) 9 9891-9001','003.534.590-03','1979-04-11','78284306','almoxarife','murphyjoyce1@hotmail.com','$2y$12$XvluCFW3XKfZvrj/bgn3N.kSMpirj9eqUG4q2ZxJtGmbMPcU.6.Hy','2024-07-30 14:10:27','2024-07-30 14:10:27','A'),
 (89,'Ernesto','Turner','(33) 9 9811-1322','384.005.230-08','1978-02-27','43358397','almoxarife','ernestoturner@msn.com','$2y$12$8p4PjCny2UDIzm34Mz7zyekl50UIFooRPSz/mOGnihGjae9kQuMb6','2024-07-30 14:11:50','2024-07-30 14:11:50','A'),
 (90,'Ana','Livia Matherford Riggs','(33) 9 9512-4563','349.889.560-59','2004-06-15','44175281','funcionario','liviamatherford@outlook.com','$2y$12$dAc2eYl3pDTpmFjohRo0/eWuU80ANcJxt.FoaaCs9NbMIftVtBLFW','2024-07-30 14:13:10','2024-07-30 14:13:24','A'),
 (91,'Alterteybou','Innerjoen de Souza','(33) 9 9850-0189','001.017.500-80','2004-05-01','94105081','almoxarife','alterteybou01012@gmail.com','$2y$12$v.qiJH9qOyEZo/KI/XwDt.MgJ.BmGSTex7ZIUswEX.knGSwDinAxC','2024-07-30 14:14:40','2024-07-30 14:14:40','A'),
 (92,'Jaxson ','Kramer Kai Hayes','(11) 9 9045-5181','100.589.446-77','1995-09-12','40442377','funcionario','jaxsonkaihayes@outlook.com','$2y$12$hsTsqtDOfzw/6keM2TVOVeXOPT4JUZlfVP78SUfvAC9w9pusB7ntW','2024-07-30 14:15:46','2024-07-30 14:15:46','A'),
 (93,'Victoria ','Thompson Jasmine ','(33) 9 9911-9113','156.234.678-57','2011-03-16','87510074','funcionario','prettyvih02@gmail.com','$2y$12$DFBfD/68.U73eFnuhwIjzu4aUZoQhI8lX/n4QfZpy0rGrkuAmINbq','2024-07-30 14:16:56','2024-07-30 14:16:56','A'),
 (94,'Alexander','Ivan da Silva Pinto ','(33) 9 9883-4131','005.413.069-65','1975-01-15','55342909','almoxarife','xandaosilvapinto@hotmail.com','$2y$12$iE4lCsXjKPriO3.1kxmgiO4h.q9u4GcUSLtDc8RuxOdQyMIQf.Kg.','2024-07-30 14:18:00','2024-07-30 14:18:00','A'),
 (95,'Bruna ','Fagundes de Jesus','(33) 9 8814-6098','005.612.348-52','1998-05-28','67748881','funcionario','cantorabruhfagundes@gmail.com','$2y$12$xg0F6YKYy79/Ez7PEZDHauWYLYPX3mS0TvT0lr4Oe/P0XWuJHDN/S','2024-07-30 14:19:04','2024-07-30 14:19:05','A'),
 (96,'Fátima','Nena Nunes','(33) 9 9877-1253','142.536.968-57','1976-08-13','60506980','almoxarife','fatimapanificadorafatima@hotmail.com','$2y$12$91zvYDgfhdE9lILDIwv96.CsPUon9gDgvhjh4BPBK8gZJv7hCwTrW','2024-07-30 14:19:52','2024-07-30 14:19:52','A'),
 (97,'Matuzalem','de Breguez da Silva','(33) 9 9888-3176','054.210.444-23','1969-12-02','17322201','rh','Matuzalembreguez@hotmail.com','$2y$12$/sH1ND8DoienA7cMFdcXwehDz1cpPTAD4hDjsnvBsCPaDyvrg3QxW','2024-07-30 14:20:52','2024-07-30 14:20:53','A'),
 (98,'Nathan','Muniz de Bragatto','(33) 9 8924-2645','755.883.090-73','1992-04-17','29817533','funcionario','nathan01bragatto@hotmail.com','$2y$12$jjVEEweTzaRf9tjUQJkHa.kiorhZYIDfz2fbKyJmvFkryFTuTcjmy','2024-07-30 14:21:50','2024-07-30 14:21:51','A'),
 (99,'Carly','Magda de Oliver','(33) 9 9823-2546','447.407.130-12','1986-06-19','69996602','almoxarife','carlymagdadada@outlook.com','$2y$12$2Z8/NXDGKp8b5jg1O4urbu64xcr3Cexd0rNTdHZts.kOGemNFtlIi','2024-07-30 14:23:08','2024-07-30 14:23:08','A'),
 (100,'Kathery','Tales de Munhóz','(38) 9 9881-2002','823.491.160-00','2006-07-30','22318840','almoxarife','mnhzkathe@gmail.com','$2y$12$1NvMmQkQkgBVvZg5hLtKJ.oKybUd7Av1NtMWK69bYNr1JZvW2gGaO','2024-07-30 14:24:20','2024-07-30 14:24:20','A'),
 (101,'Falttacin','Co Registros de Oliveira Batista','(32) 9 9837-4653','727.550.960-12','1991-07-18','52543691','almoxarife','falttacinco@hotmail.com','$2y$12$0Q/wLab7tC0CLnw5BCw4Dun6pPRQ6RxeUMPXRUwHgDUNrDgvhI4Zi','2024-07-30 14:26:12','2024-07-30 14:26:13','A'),
 (102,'Urias','Braga de Braga','(33) 9 9842-7452','234.747.637-83','1972-05-05','63203969','almoxarife','Uriasbragay@gmail.com','$2y$12$2LMJeKknc0eUyY5odQf14OLZLaWdZRVDNkCrS2KbC3kuWe08fNPOO','2024-07-30 14:26:55','2024-07-30 14:26:55','A'),
 (103,'Thelles','Zacarias de Baptista ','(33) 9 9432-3753','889.786.930-08','1995-03-19','87495793','rh','thellesz02@gmail.com','$2y$12$tq/nWKnZ7q2lKlhRDk72wua36HMcaJwXSM36nhFgUCXULWM6kSaTS','2024-07-30 14:27:50','2024-07-30 14:27:50','A'),
 (104,'Xuxa','Fátima Bernardes de Sousa ','(33) 9 9270-9098','143.625.895-65','2003-07-14','33141354','almoxarife','xuxinhafat@gmail.com','$2y$12$9.1uXe8IrBt2UH.bzEnI1OpJ.rnx6vBOg4nNxuPtvMKzoNIt3br9q','2024-07-30 14:28:52','2024-07-30 14:28:52','A'),
 (105,'Dátila','de Peres','(33) 9 9892-3467','310.044.150-87','1998-02-14','78875407','almoxarife','dattperes@hotmail.com','$2y$12$bYrwbuT6tao8EVZf5SDBcOpxd5MclNpcOS//L4ohFO/69YX58fI1y','2024-07-30 14:29:30','2024-07-30 14:29:31','A');
/*!40000 ALTER TABLE `usuario` ENABLE KEYS */;




/*!40101 SET SQL_MODE=@OLD_SQL_MODE */;
/*!40014 SET FOREIGN_KEY_CHECKS=@OLD_FOREIGN_KEY_CHECKS */;
/*!40014 SET UNIQUE_CHECKS=@OLD_UNIQUE_CHECKS */;
/*!40101 SET CHARACTER_SET_CLIENT=@OLD_CHARACTER_SET_CLIENT */;
/*!40101 SET CHARACTER_SET_RESULTS=@OLD_CHARACTER_SET_RESULTS */;
/*!40101 SET COLLATION_CONNECTION=@OLD_COLLATION_CONNECTION */;
/*!40101 SET CHARACTER_SET_CLIENT=@OLD_CHARACTER_SET_CLIENT */;
